city,country,country_code,latitude,longitude,population,hospitals,clinics,health_centers,pharmacies,laboratories,total_facilities,facilities_per_100k,hospital_beds_total,hospital_beds_per_10k,icu_beds_estimated,physicians_per_100k,nurses_per_100k,chw_per_100k,total_health_workers,daily_test_capacity,test_capacity_per_100k,cold_chain_score,pharma_import_dependency_pct,has_local_production,health_expenditure_per_capita,out_of_pocket_pct,jee_prevent,jee_detect,jee_respond,ghsi_overall,haq_index,medical_services_score,health_capacity_score,supply_chain_resilience_index
Cairo,Egypt,EG,30.0519,31.248,11893000,103,88,0,101,3,305,2.6,10393,8.7,520,97.4,110.6,15.0,26521,175,1.5,85.0,70.0,1,141.4,57.2,3.0,3.5,3.2,41.5,55.0,55.0,60.0,38.0
Lagos,Nigeria,NG,6.4452,3.3896,9466000,497,17,0,41,0,564,6.0,8386,8.9,168,73.4,109.9,30.0,20188,0,0.0,45.0,75.0,1,66.8,71.9,2.5,2.8,2.5,33.0,37.0,37.0,48.0,27.1
Kinshasa,Congo (Kinshasa),CD,-4.3278,15.313,7843000,46,849,0,259,2,1160,14.8,4128,5.3,41,13.7,125.0,20.0,12450,66,0.8,30.0,95.0,1,23.4,38.0,1.8,2.0,1.8,21.5,28.0,28.0,64.0,17.2
Luanda,Angola,AO,-8.8363,13.2325,5172900,6,89,0,243,2,365,7.1,1151,2.2,23,6.0,145.1,25.0,9108,66,1.3,35.0,99.0,0,76.1,32.5,1.8,2.0,1.8,22.7,32.0,32.0,57.0,17.8
Khartoum,Sudan,SD,15.59,32.5322,4754000,48,51,0,533,4,660,13.9,3819,8.0,76,30.4,159.8,15.0,9759,153,3.2,38.0,88.0,1,21.1,57.4,2.0,2.3,1.8,22.0,35.0,35.0,67.0,21.9
Alexandria,Egypt,EG,31.202,29.948,4165000,45,30,0,158,2,239,5.7,4541,10.9,227,121.5,247.5,15.0,15993,116,2.8,85.0,70.0,1,141.4,57.2,3.0,3.5,3.2,41.5,55.0,55.0,69.0,43.8
Abidjan,Ivory Coast,CI,5.3219,-4.042,3802000,0,0,0,0,0,0,0.0,212,0.6,4,3.6,13.8,30.0,1802,0,0.0,50.0,88.0,1,87.7,32.0,2.3,2.5,2.3,26.7,36.0,36.0,14.0,18.1
Johannesburg,South Africa,ZA,-26.1681,28.0281,3435000,9,66,0,141,2,273,7.9,5341,15.5,267,52.9,497.1,25.0,19751,116,3.4,80.0,72.0,1,536.6,6.7,3.3,3.5,3.3,45.8,52.0,52.0,74.0,56.2
Algiers,Algeria,DZ,36.765,3.0486,3354000,45,827,0,748,27,1770,52.8,3178,9.5,159,97.6,231.9,15.0,11555,1530,45.6,82.0,70.0,1,233.4,45.0,3.3,3.4,3.0,37.1,62.0,62.0,85.0,46.1
Cape Town,South Africa,ZA,-33.9181,18.433,3215000,7,63,0,100,0,198,6.2,4154,12.9,208,44.0,385.2,25.0,14601,0,0.0,80.0,72.0,1,536.6,6.7,3.3,3.5,3.3,45.8,52.0,52.0,69.0,52.7
Casablanca,Morocco,MA,33.6019,-7.6183,3181000,19,89,0,782,14,948,29.8,2135,6.7,107,72.9,41.5,15.0,4117,816,25.7,82.0,70.0,1,232.2,37.3,3.3,3.5,3.3,40.7,53.0,53.0,74.0,37.9
Kano,Nigeria,NG,12.0019,8.5181,3140000,52,4,0,14,0,71,2.3,877,2.8,18,23.1,41.7,30.0,2978,0,0.0,45.0,75.0,1,66.8,71.9,2.5,2.8,2.5,33.0,37.0,37.0,37.0,21.1
Addis Ababa,Ethiopia,ET,9.0353,38.6981,3100000,44,107,0,183,1,366,11.8,1067,3.4,21,16.3,128.2,40.0,5720,50,1.6,62.0,85.0,1,34.8,46.3,2.5,3.0,2.5,28.4,34.0,34.0,59.0,24.8
Nairobi,Kenya,KE,-1.2814,36.8147,3010000,164,367,0,485,20,1090,36.2,4984,16.6,100,32.4,169.3,40.0,7275,1099,36.5,65.0,75.0,1,85.0,24.2,3.0,3.3,2.8,35.1,42.0,42.0,77.0,37.8
Benoni,South Africa,ZA,-26.1476,28.328,2986000,3,14,0,35,0,82,2.7,1780,6.0,89,20.3,171.8,25.0,6481,0,0.0,80.0,72.0,1,536.6,6.7,3.3,3.5,3.3,45.8,52.0,52.0,54.0,42.8
Dar es Salaam,Tanzania,TZ,-6.7981,39.2664,2930000,44,253,0,1010,9,1339,45.7,999,3.4,20,7.1,27.7,40.0,2193,450,15.4,62.0,88.0,1,36.3,27.9,2.5,3.0,2.5,29.5,36.0,36.0,74.0,22.3
Durban,South Africa,ZA,-29.8631,30.9781,2729000,6,10,0,32,1,53,1.9,3560,13.0,178,44.4,121.5,25.0,5209,58,2.1,80.0,72.0,1,536.6,6.7,3.3,3.5,3.3,45.8,52.0,52.0,50.0,45.1
Giza,Egypt,EG,30.01,31.19,2681863,38,58,0,97,8,221,8.2,3834,14.3,192,159.3,355.5,15.0,14208,466,17.4,85.0,70.0,1,141.4,57.2,3.0,3.5,3.2,41.5,55.0,55.0,77.0,50.2
Ibadan,Nigeria,NG,7.382,3.928,2628000,43,30,0,40,0,125,4.8,726,2.8,15,22.9,87.8,30.0,3695,0,0.0,45.0,75.0,1,66.8,71.9,2.5,2.8,2.5,33.0,37.0,37.0,44.0,22.5
Dakar,Senegal,SN,14.7178,-17.4751,2604000,6,170,0,359,2,574,22.0,1365,5.2,27,9.1,43.9,30.0,2163,100,3.8,55.0,90.0,1,73.2,44.3,2.5,3.0,2.5,30.1,38.0,38.0,75.0,22.2
Tunis,Tunisia,TN,36.8028,10.1797,2412500,11,99,0,244,6,401,16.6,3283,13.6,164,92.5,132.6,15.0,5793,350,14.5,82.0,72.0,1,317.7,37.9,3.3,3.5,3.3,39.8,65.0,65.0,79.0,44.6
Omdurman,Sudan,SD,15.6167,32.48,2395159,19,43,0,279,0,348,14.5,1512,6.3,30,23.9,167.3,15.0,4939,0,0.0,38.0,88.0,1,21.1,57.4,2.0,2.3,1.8,22.0,35.0,35.0,59.0,21.0
Tripoli,Libya,LY,32.8925,13.18,2189000,51,268,0,513,0,873,39.9,6239,28.5,312,166.3,749.6,15.0,20377,0,0.0,58.0,99.0,0,470.4,19.2,2.5,2.8,2.5,24.7,58.0,58.0,68.0,52.1
Accra,Ghana,GH,5.552,-0.2187,2121000,19,121,0,437,10,613,28.9,1140,5.4,23,22.4,511.0,30.0,11950,500,23.6,68.0,80.0,1,70.3,26.7,2.5,3.0,2.5,32.7,45.0,45.0,78.0,40.0
Douala,Cameroon,CM,4.0624,9.708,1906000,3,81,0,52,0,136,7.1,572,3.0,11,1.0,35.0,20.0,1067,0,0.0,48.0,90.0,1,79.1,67.7,2.0,2.5,2.0,28.0,38.0,38.0,46.0,18.1
Rabat,Morocco,MA,34.0253,-6.8364,1705000,7,47,0,567,9,643,37.7,787,4.6,39,50.1,52.6,15.0,2006,525,30.8,82.0,70.0,1,232.2,37.3,3.3,3.5,3.3,40.7,53.0,53.0,74.0,37.1
Antananarivo,Madagascar,MG,-18.9147,47.5147,1697000,75,124,0,184,5,435,25.6,705,4.2,14,13.5,28.7,40.0,1395,191,11.3,35.0,99.0,0,17.4,27.4,2.0,2.3,1.8,20.7,32.0,32.0,58.0,14.9
Kumasi,Ghana,GH,6.6919,-1.632,1646000,19,14,0,97,2,135,8.2,1140,6.9,23,28.9,145.0,30.0,3356,100,6.1,68.0,80.0,1,70.3,26.7,2.5,3.0,2.5,32.7,45.0,45.0,66.0,29.5
Yaoundé,Cameroon,CM,3.8686,11.5147,1611000,33,293,0,108,4,446,27.7,6292,39.1,126,13.0,135.7,20.0,2717,166,10.3,48.0,90.0,1,79.1,67.7,2.0,2.5,2.0,28.0,38.0,38.0,68.0,36.6
Abuja,Nigeria,NG,9.0853,7.5314,1576000,12,18,0,60,2,92,5.8,202,1.3,4,10.6,107.7,30.0,2338,93,5.9,45.0,75.0,1,66.8,71.9,2.5,2.8,2.5,33.0,37.0,37.0,62.0,22.6
Harare,Zimbabwe,ZW,-17.8158,31.0428,1572000,7,63,0,17,1,91,5.8,3192,20.3,64,19.4,209.9,25.0,3998,46,2.9,45.0,90.0,1,62.9,10.6,2.5,2.8,2.5,26.1,40.0,40.0,56.0,31.7
Bamako,Mali,ML,12.652,-8.002,1494000,41,260,0,284,3,602,40.3,293,2.0,3,25.2,37.1,30.0,1379,114,7.6,40.0,99.0,0,34.0,47.2,2.0,2.3,1.8,21.3,28.0,28.0,64.0,15.4
Conakry,Guinea,GN,9.5335,-13.6822,1494000,11,121,0,422,8,609,40.8,237,1.6,5,6.1,24.9,30.0,911,306,20.5,35.0,99.0,0,59.3,54.4,2.0,2.3,2.0,23.1,30.0,30.0,65.0,15.6
Lomé,Togo,TG,6.1339,1.2208,1452000,80,144,0,226,9,482,33.2,306,2.1,6,3.8,38.0,30.0,1041,375,25.8,42.0,99.0,0,59.6,64.3,2.3,2.5,2.0,23.7,36.0,36.0,74.0,17.6
Maputo,Mozambique,MZ,-25.9533,32.5872,1446000,5,24,0,54,0,87,6.0,665,4.6,13,5.6,63.5,40.0,1578,0,0.0,40.0,99.0,0,53.0,10.4,2.0,2.3,2.0,22.3,32.0,32.0,46.0,17.1
Kaduna,Nigeria,NG,10.522,7.4381,1442000,241,2,0,7,1,258,17.9,4066,28.2,81,233.5,330.1,30.0,8559,46,3.2,45.0,75.0,1,66.8,71.9,2.5,2.8,2.5,33.0,37.0,37.0,75.0,44.6
Kampala,Uganda,UG,0.3186,32.5814,1420000,211,1046,0,391,3,1703,119.9,416,2.9,8,12.1,204.5,40.0,3644,150,10.6,55.0,85.0,1,45.2,32.2,2.8,3.0,2.8,31.1,38.0,38.0,75.0,27.5
Brazzaville,Congo (Brazzaville),CG,-4.2572,15.2827,1355000,0,0,0,0,0,0,0.0,1130,8.3,23,25.9,69.6,20.0,1565,0,0.0,38.0,99.0,0,75.6,28.0,1.8,2.0,1.8,21.5,36.0,36.0,14.0,18.9
Lubumbashi,Congo (Kinshasa),CD,-11.6781,27.4781,1352000,4,78,0,17,0,99,7.3,359,2.7,4,6.9,61.9,20.0,1201,0,0.0,30.0,95.0,1,23.4,38.0,1.8,2.0,1.8,21.5,28.0,28.0,43.0,14.0
Pretoria,South Africa,ZA,-25.705,28.2275,1338000,15,97,0,148,3,406,30.3,8901,66.5,445,226.4,1897.9,25.0,28757,175,13.1,80.0,72.0,1,536.6,6.7,3.3,3.5,3.3,45.8,52.0,52.0,81.0,70.7
Lusaka,Zambia,ZM,-15.4147,28.2814,1328000,13,32,0,23,1,72,5.4,3054,23.0,61,18.7,119.3,25.0,2165,46,3.5,50.0,93.0,1,79.6,10.3,2.5,2.8,2.5,27.4,38.0,38.0,61.0,30.9
Mbuji-Mayi,Congo (Kinshasa),CD,-6.1481,23.5981,1295000,11,0,0,1,0,12,0.9,987,7.6,10,19.8,7.8,20.0,617,0,0.0,30.0,95.0,1,23.4,38.0,1.8,2.0,1.8,21.5,28.0,28.0,29.0,14.7
Benin City,Nigeria,NG,6.3424,5.6181,1190000,2,6,0,47,2,60,5.0,34,0.3,1,2.3,93.0,30.0,1492,93,7.8,45.0,75.0,1,66.8,71.9,2.5,2.8,2.5,33.0,37.0,37.0,40.0,21.6
Banghazi,Libya,LY,32.1187,20.0648,1180000,18,62,0,84,3,172,14.6,2202,18.7,110,108.9,274.0,15.0,4695,139,11.8,58.0,99.0,0,470.4,19.2,2.5,2.8,2.5,24.7,58.0,58.0,68.0,45.5
Ouagadougou,Burkina Faso,BF,12.3723,-1.5267,1149000,0,0,0,0,0,0,0.0,150,1.3,3,7.0,54.1,30.0,1047,0,0.0,42.0,99.0,0,71.7,43.8,2.3,2.5,2.0,22.6,32.0,32.0,13.0,16.2
Mogadishu,Somalia,SO,2.0686,45.3647,1100000,6,3,0,1,0,10,0.9,919,8.4,9,6.2,33.7,40.0,880,0,0.0,18.0,99.0,0,22.4,30.8,1.0,1.3,1.0,10.7,19.0,19.0,25.0,10.8
Huambo,Angola,AO,-12.748,15.7581,1100000,0,1,0,3,0,4,0.4,192,1.7,4,4.7,7.5,25.0,409,0,0.0,35.0,99.0,0,76.1,32.5,1.8,2.0,1.8,22.7,32.0,32.0,14.0,13.3
Ikare,Nigeria,NG,7.5304,5.76,1099931,0,1,0,0,0,1,0.1,17,0.2,0,1.3,1.7,30.0,362,0,0.0,45.0,75.0,1,66.8,71.9,2.5,2.8,2.5,33.0,37.0,37.0,15.0,18.2
Vereeniging,South Africa,ZA,-26.6477,27.958,1074000,0,4,0,2,0,6,0.6,593,5.5,30,18.8,34.9,25.0,846,0,0.0,80.0,72.0,1,536.6,6.7,3.3,3.5,3.3,45.8,52.0,52.0,23.0,38.5
Monrovia,Liberia,LR,6.3146,-10.7997,1041000,9,201,0,34,1,245,23.5,1655,15.9,33,17.8,83.5,30.0,1367,38,3.7,32.0,99.0,0,103.9,63.2,2.0,2.3,2.0,22.2,32.0,32.0,73.0,22.7
Port Elizabeth,South Africa,ZA,-33.9681,25.5981,1021000,1,9,0,25,0,41,4.0,593,5.8,30,19.8,251.2,25.0,3022,0,0.0,80.0,72.0,1,536.6,6.7,3.3,3.5,3.3,45.8,52.0,52.0,38.0,45.2
Port Harcourt,Nigeria,NG,4.8119,7.0081,1020000,6,19,0,13,0,38,3.7,101,1.0,2,8.2,68.7,30.0,1091,0,0.0,45.0,75.0,1,66.8,71.9,2.5,2.8,2.5,33.0,37.0,37.0,41.0,20.8
Fez,Morocco,MA,34.0565,-5.0023,1002000,2,307,0,451,17,851,84.9,225,2.2,11,24.4,118.4,15.0,1580,991,98.9,82.0,70.0,1,232.2,37.3,3.3,3.5,3.3,40.7,53.0,53.0,61.0,42.4
N'Djamena,Chad,TD,12.115,15.0472,989000,21,32,0,53,1,110,11.1,192,1.9,2,10.1,45.7,20.0,749,25,2.5,22.0,99.0,0,47.4,51.7,1.5,1.5,1.3,15.1,24.0,24.0,63.0,10.9
Ogbomosho,Nigeria,NG,8.132,4.238,951000,2,0,0,36,0,38,4.0,34,0.4,1,2.9,73.7,30.0,1014,0,0.0,45.0,75.0,1,66.8,71.9,2.5,2.8,2.5,33.0,37.0,37.0,37.0,20.5
Djibouti,Djibouti,DJ,11.595,43.148,923000,2,6,0,14,1,26,2.8,1290,14.0,26,21.1,19.4,40.0,743,38,4.1,42.0,99.0,0,77.6,28.8,2.0,2.3,2.0,21.2,35.0,35.0,32.0,21.1
Niamey,Niger,NE,13.5187,2.1147,915000,11,113,0,134,3,272,29.7,192,2.1,2,2.9,35.3,30.0,624,100,10.9,35.0,99.0,0,26.0,51.5,1.8,2.0,1.8,17.7,26.0,26.0,55.0,14.1
Aba,Nigeria,NG,5.1004,7.35,897560,0,0,0,47,0,47,5.2,17,0.2,0,1.6,96.6,30.0,1150,0,0.0,45.0,75.0,1,66.8,71.9,2.5,2.8,2.5,33.0,37.0,37.0,30.0,21.1
Maiduguri,Nigeria,NG,11.8519,13.1581,896000,17,46,0,1,0,65,7.3,287,3.2,6,26.5,133.8,30.0,1705,0,0.0,45.0,75.0,1,66.8,71.9,2.5,2.8,2.5,33.0,37.0,37.0,52.0,24.2
Zaria,Nigeria,NG,11.0819,7.7081,889000,13,0,0,0,0,13,1.5,219,2.5,4,20.4,27.0,30.0,688,0,0.0,45.0,75.0,1,66.8,71.9,2.5,2.8,2.5,33.0,37.0,37.0,42.0,20.5
Mombasa,Kenya,KE,-4.0381,39.688,882000,15,18,0,19,1,55,6.2,456,5.2,9,10.1,29.2,40.0,699,54,6.1,65.0,75.0,1,85.0,24.2,3.0,3.3,2.8,35.1,42.0,42.0,50.0,26.1
Marrakesh,Morocco,MA,31.6319,-8.0019,872000,6,14,0,528,0,562,64.4,674,7.7,34,84.0,89.8,15.0,1646,0,0.0,82.0,70.0,1,232.2,37.3,3.3,3.5,3.3,40.7,53.0,53.0,66.0,38.2
Kigali,Rwanda,RW,-1.9516,30.0586,860000,266,70,0,366,6,713,82.9,519,6.0,10,14.3,127.3,40.0,1562,329,38.3,70.0,92.0,1,52.7,4.1,2.8,3.3,3.0,31.8,44.0,44.0,78.0,30.9
Bangui,Central African Republic,CF,4.3666,18.5583,831925,13,8,0,3,0,24,2.9,832,10.0,8,10.0,43.7,20.0,613,0,0.0,20.0,99.0,0,53.8,45.0,1.3,1.5,1.3,13.4,22.0,22.0,32.0,13.7
Warri,Nigeria,NG,5.52,5.76,830106,2,33,0,2,0,38,4.6,34,0.4,1,3.4,84.5,30.0,978,0,0.0,45.0,75.0,1,66.8,71.9,2.5,2.8,2.5,33.0,37.0,37.0,39.0,20.9
Freetown,Sierra Leone,SL,8.472,-13.2362,827000,10,20,0,22,2,58,7.0,327,4.0,7,13.2,66.7,30.0,909,83,10.0,35.0,99.0,0,35.8,54.5,2.3,2.5,2.3,24.4,30.0,30.0,48.0,17.7
Agadir,Morocco,MA,30.44,-9.62,825467,9,12,0,479,0,502,60.8,1011,12.2,51,133.0,84.8,15.0,1922,0,0.0,82.0,70.0,1,232.2,37.3,3.3,3.5,3.3,40.7,53.0,53.0,74.0,41.3
Jos,Nigeria,NG,9.93,8.89,816824,43,51,0,77,25,199,24.4,726,8.9,15,73.5,449.5,30.0,4517,1166,142.7,45.0,75.0,1,66.8,71.9,2.5,2.8,2.5,33.0,37.0,37.0,68.0,47.3
Oran,Algeria,DZ,35.7119,-0.6219,798000,5,110,0,133,2,262,32.8,353,4.4,18,45.6,144.3,15.0,1635,113,14.2,82.0,70.0,1,233.4,45.0,3.3,3.4,3.0,37.1,62.0,62.0,78.0,37.5
Ilorin,Nigeria,NG,8.492,4.548,771000,20,0,0,15,0,36,4.7,337,4.4,7,36.2,86.1,30.0,1175,0,0.0,45.0,75.0,1,66.8,71.9,2.5,2.8,2.5,33.0,37.0,37.0,44.0,23.5
Kananga,Congo (Kinshasa),CD,-5.8881,22.3981,765000,0,2,0,0,0,2,0.3,90,1.2,1,3.1,2.2,20.0,193,0,0.0,30.0,95.0,1,23.4,38.0,1.8,2.0,1.8,21.5,28.0,28.0,12.0,11.5
Cotonou,Benin,BJ,6.402,2.518,762000,15,170,0,148,1,349,45.8,185,2.4,4,12.0,84.1,30.0,961,38,5.0,45.0,99.0,0,46.5,42.4,2.0,2.3,2.0,24.3,38.0,38.0,60.0,18.0
Pietermaritzburg,South Africa,ZA,-29.61,30.39,750845,0,3,0,9,0,14,1.9,593,7.9,30,26.9,116.6,25.0,1265,0,0.0,80.0,72.0,1,536.6,6.7,3.3,3.5,3.3,45.8,52.0,52.0,26.0,42.2
Tangier,Morocco,MA,35.7473,-5.8327,750060,7,15,0,510,3,553,73.7,787,10.5,39,113.9,102.8,15.0,1737,175,23.3,82.0,70.0,1,232.2,37.3,3.3,3.5,3.3,40.7,53.0,53.0,74.0,42.3
Nouakchott,Mauritania,MR,18.0864,-15.9753,742144,3,25,0,232,4,280,37.7,279,3.8,6,24.5,250.3,15.0,2151,133,17.9,38.0,99.0,0,92.1,43.8,1.8,2.0,1.8,19.9,34.0,34.0,54.0,24.1
Oyo,Nigeria,NG,7.8504,3.93,736072,3,0,0,1,0,4,0.5,51,0.7,1,5.7,10.0,30.0,337,0,0.0,45.0,75.0,1,66.8,71.9,2.5,2.8,2.5,33.0,37.0,37.0,26.0,18.8
Sokoto,Nigeria,NG,13.06,5.24,732178,30,69,0,1,0,100,13.7,506,6.9,10,57.2,252.0,30.0,2484,0,0.0,45.0,75.0,1,66.8,71.9,2.5,2.8,2.5,33.0,37.0,37.0,68.0,30.1
Moshi,Tanzania,TZ,-3.3396,37.34,721018,11,23,0,8,0,43,6.0,250,3.5,5,7.2,3.6,40.0,367,0,0.0,62.0,88.0,1,36.3,27.9,2.5,3.0,2.5,29.5,36.0,36.0,55.0,20.4
Bulawayo,Zimbabwe,ZW,-20.17,28.58,699385,2,4,0,3,0,9,1.3,912,13.0,18,12.5,46.7,25.0,588,0,0.0,45.0,90.0,1,62.9,10.6,2.5,2.8,2.5,26.1,40.0,40.0,30.0,23.5
Meknes,Morocco,MA,33.9004,-5.56,697628,8,15,0,405,1,430,61.6,899,12.9,45,139.9,85.9,15.0,1680,58,8.3,82.0,70.0,1,232.2,37.3,3.3,3.5,3.3,40.7,53.0,53.0,66.0,42.4
Enugu,Nigeria,NG,6.45,7.5,688862,15,23,0,41,2,82,11.9,253,3.7,5,30.4,219.6,30.0,1929,93,13.5,45.0,75.0,1,66.8,71.9,2.5,2.8,2.5,33.0,37.0,37.0,60.0,28.1
Pointe-Noire,Congo (Brazzaville),CG,-4.77,11.88,659084,0,0,0,0,0,0,0.0,1130,17.1,23,53.3,143.0,20.0,1426,0,0.0,38.0,99.0,0,75.6,28.0,1.8,2.0,1.8,21.5,36.0,36.0,14.0,25.5
Ismaïlia,Egypt,EG,30.5903,32.26,656135,1,1,0,4,0,6,0.9,101,1.5,5,17.1,39.4,15.0,470,0,0.0,85.0,70.0,1,141.4,57.2,3.0,3.5,3.2,41.5,55.0,55.0,30.0,30.5
Lilongwe,Malawi,MW,-13.9833,33.7833,646750,6,12,0,10,0,33,5.1,283,4.4,6,2.8,48.9,40.0,593,0,0.0,48.0,99.0,0,41.3,12.0,2.3,2.5,2.3,24.2,35.0,35.0,44.0,18.3
Kikwit,Congo (Kinshasa),CD,-5.03,18.85,637736,0,1,0,0,0,1,0.2,90,1.4,1,3.7,1.3,20.0,159,0,0.0,30.0,95.0,1,23.4,38.0,1.8,2.0,1.8,21.5,28.0,28.0,12.0,11.6
Bur Said,Egypt,EG,31.26,32.29,623864,3,1,0,3,0,7,1.1,303,4.9,15,54.1,48.4,15.0,733,0,0.0,85.0,70.0,1,141.4,57.2,3.0,3.5,3.2,41.5,55.0,55.0,35.0,33.2
Asmara,Eritrea,ER,15.3333,38.9333,620802,1,1,0,7,0,9,1.4,261,4.2,3,3.7,200.4,40.0,1515,0,0.0,28.0,99.0,0,28.3,48.4,1.8,2.0,1.8,16.9,28.0,28.0,20.0,18.1
Luxor,Egypt,EG,25.7,32.65,609248,1,9,0,0,0,10,1.6,101,1.7,5,18.5,70.8,15.0,635,0,0.0,85.0,70.0,1,141.4,57.2,3.0,3.5,3.2,41.5,55.0,55.0,32.0,31.5
Constantine,Algeria,DZ,36.36,6.5999,605179,13,103,0,137,0,271,44.8,918,15.2,46,156.3,196.8,15.0,2228,0,0.0,82.0,70.0,1,233.4,45.0,3.3,3.4,3.0,37.1,62.0,62.0,70.0,45.6
Sohag,Egypt,EG,26.5504,31.7,600000,4,47,0,9,0,60,10.0,404,6.7,20,75.0,431.3,15.0,3128,0,0.0,85.0,70.0,1,141.4,57.2,3.0,3.5,3.2,41.5,55.0,55.0,62.0,45.9
El Mansura,Egypt,EG,31.0504,31.38,600000,10,8,0,24,0,44,7.3,1009,16.8,50,187.4,316.3,15.0,3112,0,0.0,85.0,70.0,1,141.4,57.2,3.0,3.5,3.2,41.5,55.0,55.0,67.0,49.9
Port Louis,Mauritius,MU,-20.1666,57.5,595491,5,22,0,72,4,120,20.2,1893,31.8,95,251.9,260.0,40.0,3286,219,36.8,78.0,90.0,1,616.2,45.2,3.0,3.3,3.0,36.3,68.0,68.0,80.0,62.2
Abeokuta,Nigeria,NG,7.1604,3.35,593100,7,0,0,0,0,7,1.2,118,2.0,2,16.5,21.8,30.0,405,0,0.0,45.0,75.0,1,66.8,71.9,2.5,2.8,2.5,33.0,37.0,37.0,33.0,20.0
Blantyre,Malawi,MW,-15.79,34.9899,584877,30,7,0,7,0,44,7.5,1414,24.2,28,15.6,72.0,40.0,747,0,0.0,48.0,99.0,0,41.3,12.0,2.3,2.5,2.3,24.2,35.0,35.0,52.0,27.3
Kisangani,Congo (Kinshasa),CD,0.52,25.22,578470,0,6,0,1,0,8,1.4,90,1.6,1,4.0,11.7,20.0,207,0,0.0,30.0,95.0,1,23.4,38.0,1.8,2.0,1.8,21.5,28.0,28.0,15.0,12.0
Libreville,Gabon,GA,0.3854,9.458,578156,5,162,0,84,3,264,45.7,1128,19.5,23,52.2,269.6,20.0,1976,114,19.7,45.0,99.0,0,253.0,17.3,2.0,2.3,2.0,23.8,48.0,48.0,72.0,36.8
Bouaké,Ivory Coast,CI,7.69,-5.03,567481,0,0,0,0,0,0,0.0,212,3.7,4,23.8,92.7,30.0,832,0,0.0,50.0,88.0,1,87.7,32.0,2.3,2.5,2.3,26.7,36.0,36.0,14.0,22.3
Uyo,Nigeria,NG,5.008,7.85,554906,2,0,0,13,0,15,2.7,34,0.6,1,5.0,49.9,30.0,471,0,0.0,45.0,75.0,1,66.8,71.9,2.5,2.8,2.5,33.0,37.0,37.0,33.0,20.0
Kenitra,Morocco,MA,34.2704,-6.58,551786,1,31,0,296,0,334,60.5,112,2.0,6,22.1,84.4,15.0,670,0,0.0,82.0,70.0,1,232.2,37.3,3.3,3.5,3.3,40.7,53.0,53.0,56.0,33.9
Matola,Mozambique,MZ,-25.9696,32.46,543907,2,24,0,4,0,30,5.5,266,4.9,5,6.0,58.2,40.0,567,0,0.0,40.0,99.0,0,53.0,10.4,2.0,2.3,2.0,22.3,32.0,32.0,47.0,17.0
Beira,Mozambique,MZ,-19.82,34.87,530604,5,16,0,0,0,21,4.0,665,12.5,13,15.3,41.8,40.0,515,0,0.0,40.0,99.0,0,53.0,10.4,2.0,2.3,2.0,22.3,32.0,32.0,40.0,19.9
Blida,Algeria,DZ,36.4203,2.83,511348,5,172,0,169,4,384,75.1,353,6.9,18,71.2,330.0,15.0,2128,226,44.2,82.0,70.0,1,233.4,45.0,3.3,3.4,3.0,37.1,62.0,62.0,70.0,47.1
Suez,Egypt,EG,30.005,32.5499,508335,3,2,0,6,0,12,2.4,303,6.0,15,66.4,101.8,15.0,931,0,0.0,85.0,70.0,1,141.4,57.2,3.0,3.5,3.2,41.5,55.0,55.0,39.0,35.6
Annaba,Algeria,DZ,36.92,7.76,503524,6,47,0,63,4,125,24.8,424,8.4,21,86.7,109.1,15.0,1061,226,44.9,82.0,70.0,1,233.4,45.0,3.3,3.4,3.0,37.1,62.0,62.0,78.0,41.6
Damanhûr,Egypt,EG,31.0504,30.47,500000,2,2,0,9,1,14,2.8,202,4.0,10,45.0,120.8,15.0,904,58,11.6,85.0,70.0,1,141.4,57.2,3.0,3.5,3.2,41.5,55.0,55.0,40.0,35.6
Awka,Nigeria,NG,6.2104,7.07,500000,2,0,0,2,0,4,0.8,34,0.7,1,5.6,14.8,30.0,252,0,0.0,45.0,75.0,1,66.8,71.9,2.5,2.8,2.5,33.0,37.0,37.0,27.0,19.0
El Minya,Egypt,EG,28.09,30.75,500000,7,4,0,9,0,20,4.0,706,14.1,35,157.4,172.5,15.0,1725,0,0.0,85.0,70.0,1,141.4,57.2,3.0,3.5,3.2,41.5,55.0,55.0,49.0,43.7
Mwanza,Tanzania,TZ,-2.52,32.93,493944,48,84,0,228,4,365,73.9,1090,22.1,22,46.2,44.8,40.0,647,200,40.5,62.0,88.0,1,36.3,27.9,2.5,3.0,2.5,29.5,36.0,36.0,74.0,33.3
Port Sudan,Sudan,SD,19.6158,37.2164,489725,3,0,0,1,0,4,0.8,239,4.9,5,18.5,9.4,15.0,210,0,0.0,38.0,88.0,1,21.1,57.4,2.0,2.3,1.8,22.0,35.0,35.0,26.0,15.5
Beni Suef,Egypt,EG,29.0804,31.09,489450,2,0,0,4,1,7,1.4,202,4.1,10,45.9,61.7,15.0,600,58,11.9,85.0,70.0,1,141.4,57.2,3.0,3.5,3.2,41.5,55.0,55.0,36.0,33.9
Ife,Nigeria,NG,7.4804,4.56,482365,2,0,0,0,0,2,0.4,34,0.7,1,5.8,7.6,30.0,210,0,0.0,45.0,75.0,1,66.8,71.9,2.5,2.8,2.5,33.0,37.0,37.0,26.0,18.8
Nazret,Ethiopia,ET,8.55,39.27,476892,0,4,0,17,0,21,4.4,24,0.5,0,2.4,47.8,40.0,430,0,0.0,62.0,85.0,1,34.8,46.3,2.5,3.0,2.5,28.4,34.0,34.0,27.0,20.7
Bloemfontein,South Africa,ZA,-29.12,26.2299,463064,3,6,0,17,0,27,5.8,1780,38.4,89,130.8,364.7,25.0,2410,0,0.0,80.0,72.0,1,536.6,6.7,3.3,3.5,3.3,45.8,52.0,52.0,48.0,64.9
Calabar,Nigeria,NG,4.9604,8.33,461796,1,0,0,0,0,1,0.2,17,0.4,0,3.0,4.0,30.0,171,0,0.0,45.0,75.0,1,66.8,71.9,2.5,2.8,2.5,33.0,37.0,37.0,20.0,18.4
Sfax,Tunisia,TN,34.75,10.72,453050,3,24,0,147,1,179,39.5,895,19.8,45,134.4,315.2,15.0,2105,58,12.8,82.0,72.0,1,317.7,37.9,3.3,3.5,3.3,39.8,65.0,65.0,74.0,53.7
Chlef,Algeria,DZ,36.1704,1.32,449167,7,218,0,286,0,516,114.9,494,11.0,25,113.4,504.8,15.0,2844,0,0.0,82.0,70.0,1,233.4,45.0,3.3,3.4,3.0,37.1,62.0,62.0,70.0,48.4
Ado Ekiti,Nigeria,NG,7.6304,5.22,446749,0,0,0,0,0,0,0.0,17,0.4,0,3.1,4.1,30.0,166,0,0.0,45.0,75.0,1,66.8,71.9,2.5,2.8,2.5,33.0,37.0,37.0,15.0,18.5
Bamenda,Cameroon,CM,5.96,10.15,445299,2,3,0,4,0,10,2.2,381,8.6,8,2.8,11.0,20.0,151,0,0.0,48.0,90.0,1,79.1,67.7,2.0,2.5,2.0,28.0,38.0,38.0,32.0,19.6
Garoua,Cameroon,CM,9.3,13.39,436899,13,30,0,23,0,68,15.6,2479,56.7,50,18.8,76.3,20.0,503,0,0.0,48.0,90.0,1,79.1,67.7,2.0,2.5,2.0,28.0,38.0,38.0,60.0,38.6
Bukavu,Congo (Kinshasa),CD,-2.51,28.84,436779,6,60,0,2,0,94,21.5,538,12.3,5,32.1,182.0,20.0,1022,0,0.0,30.0,95.0,1,23.4,38.0,1.8,2.0,1.8,21.5,28.0,28.0,56.0,22.2
Likasi,Congo (Kinshasa),CD,-10.97,26.78,434408,0,0,0,0,0,0,0.0,90,2.1,1,5.4,1.9,20.0,119,0,0.0,30.0,95.0,1,23.4,38.0,1.8,2.0,1.8,21.5,28.0,28.0,11.0,11.9
Katsina,Nigeria,NG,12.9904,7.6,432149,2,0,0,1,0,3,0.7,34,0.8,1,6.5,12.8,30.0,213,0,0.0,45.0,75.0,1,66.8,71.9,2.5,2.8,2.5,33.0,37.0,37.0,27.0,19.0
Welkom,South Africa,ZA,-27.97,26.73,431944,2,0,0,9,0,11,2.5,1187,27.5,59,93.5,159.3,25.0,1200,0,0.0,80.0,72.0,1,536.6,6.7,3.3,3.5,3.3,45.8,52.0,52.0,46.0,53.3
Arak,Algeria,DZ,25.28,3.75,423251,0,0,0,0,0,0,0.0,71,1.7,4,17.2,1.0,15.0,141,0,0.0,82.0,70.0,1,233.4,45.0,3.3,3.4,3.0,37.1,62.0,62.0,25.0,30.2
Akure,Nigeria,NG,7.2504,5.2,420594,2,4,0,5,0,12,2.9,34,0.8,1,6.6,52.6,30.0,376,0,0.0,45.0,75.0,1,66.8,71.9,2.5,2.8,2.5,33.0,37.0,37.0,48.0,20.2
Asyut,Egypt,EG,27.19,31.1799,420585,20,8,0,7,0,36,8.6,2018,48.0,101,534.7,369.2,15.0,3865,0,0.0,85.0,70.0,1,141.4,57.2,3.0,3.5,3.2,41.5,55.0,55.0,63.0,62.4
Kolwezi,Congo (Kinshasa),CD,-10.7167,25.4724,418000,0,0,0,0,0,0,0.0,90,2.2,1,5.6,2.0,20.0,115,0,0.0,30.0,95.0,1,23.4,38.0,1.8,2.0,1.8,21.5,28.0,28.0,11.0,12.0
Oujda,Morocco,MA,34.69,-1.91,409391,1,6,0,383,1,394,96.2,112,2.7,6,29.8,134.1,15.0,733,58,14.2,82.0,70.0,1,232.2,37.3,3.3,3.5,3.3,40.7,53.0,53.0,56.0,36.9
Oshogbo,Nigeria,NG,7.7704,4.56,408245,4,1,0,2,0,7,1.7,67,1.6,1,13.7,31.6,30.0,307,0,0.0,45.0,75.0,1,66.8,71.9,2.5,2.8,2.5,33.0,37.0,37.0,30.0,20.1
Kitwe,Zambia,ZM,-12.81,28.22,404901,0,49,0,0,0,50,12.3,235,5.8,5,4.7,271.7,25.0,1220,0,0.0,50.0,93.0,1,79.6,10.3,2.5,2.8,2.5,27.4,38.0,38.0,45.0,27.9
Tanta,Egypt,EG,30.7904,31.0,404901,3,4,0,4,1,13,3.2,303,7.5,15,83.3,138.5,15.0,959,58,14.3,85.0,70.0,1,141.4,57.2,3.0,3.5,3.2,41.5,55.0,55.0,42.0,38.9
Zanzibar,Tanzania,TZ,-6.16,39.2,403658,64,27,0,99,1,194,48.1,1453,36.0,29,75.3,29.1,40.0,583,50,12.4,62.0,88.0,1,36.3,27.9,2.5,3.0,2.5,29.5,36.0,36.0,74.0,37.2
Bissau,Guinea Bissau,GW,11.865,-15.5984,403339,1,2,0,16,0,19,4.7,403,10.0,4,24.9,92.6,30.0,595,0,0.0,28.0,99.0,0,82.1,61.6,1.5,1.8,1.5,16.3,28.0,28.0,30.0,18.0
Mbale,Uganda,UG,1.0904,34.17,402368,61,339,0,68,5,478,118.8,120,3.0,2,12.3,202.6,40.0,1026,250,62.1,55.0,85.0,1,45.2,32.2,2.8,3.0,2.8,31.1,38.0,38.0,60.0,31.4
Kassala,Sudan,SD,15.46,36.39,401477,2,1,0,4,0,8,2.0,159,4.0,3,15.0,22.9,15.0,213,0,0.0,38.0,88.0,1,21.1,57.4,2.0,2.3,1.8,22.0,35.0,35.0,38.0,15.4
Ndola,Zambia,ZM,-12.9999,28.65,396339,1,11,0,1,0,13,3.3,235,5.9,5,4.8,72.2,25.0,404,0,0.0,50.0,93.0,1,79.6,10.3,2.5,2.8,2.5,27.4,38.0,38.0,30.0,22.0
Kisumu,Kenya,KE,-0.09,34.75,395615,18,42,0,64,1,129,32.6,547,13.8,11,27.0,152.5,40.0,868,54,13.6,65.0,75.0,1,85.0,24.2,3.0,3.3,2.8,35.1,42.0,42.0,62.0,34.3
Al-Ubayyid,Sudan,SD,13.1833,30.2167,393311,0,0,0,0,0,0,0.0,80,2.0,2,7.7,2.9,15.0,101,0,0.0,38.0,88.0,1,21.1,57.4,2.0,2.3,1.8,22.0,35.0,35.0,14.0,13.9
Nyala,Sudan,SD,12.06,24.89,392373,0,0,0,0,0,0,0.0,80,2.0,2,7.7,2.9,15.0,101,0,0.0,38.0,88.0,1,21.1,57.4,2.0,2.3,1.8,22.0,35.0,35.0,14.0,13.9
Nampula,Mozambique,MZ,-15.136,39.293,388526,0,18,0,15,0,33,8.5,133,3.4,3,4.2,89.6,40.0,520,0,0.0,40.0,99.0,0,53.0,10.4,2.0,2.3,2.0,22.3,32.0,32.0,38.0,17.3
Misrata,Libya,LY,32.38,15.1,386120,28,88,0,118,0,239,61.9,3425,88.7,171,517.6,1163.4,15.0,6549,0,0.0,58.0,99.0,0,470.4,19.2,2.5,2.8,2.5,24.7,58.0,58.0,76.0,60.7
Béjaïa,Algeria,DZ,36.7604,5.07,384937,5,65,0,80,3,174,45.2,353,9.2,18,94.5,198.6,15.0,1186,170,44.2,82.0,70.0,1,233.4,45.0,3.3,3.4,3.0,37.1,62.0,62.0,70.0,44.7
Nakuru,Kenya,KE,-0.28,36.07,364727,9,8,0,19,0,37,10.1,274,7.5,5,14.7,47.4,40.0,372,0,0.0,65.0,75.0,1,85.0,24.2,3.0,3.3,2.8,35.1,42.0,42.0,77.0,27.2
Maseru,Lesotho,LS,-29.3167,27.4833,361324,2,21,0,24,0,53,14.7,470,13.0,9,18.4,339.9,25.0,1385,0,0.0,45.0,99.0,0,122.6,13.2,2.3,2.5,2.3,21.8,38.0,38.0,55.0,32.2
Tamale,Ghana,GH,9.4004,-0.84,360579,2,8,0,57,1,69,19.1,120,3.3,2,13.9,338.3,30.0,1378,50,13.9,68.0,80.0,1,70.3,26.7,2.5,3.0,2.5,32.7,45.0,45.0,66.0,34.0
Bobo Dioulasso,Burkina Faso,BF,11.18,-4.29,360106,0,0,0,0,0,0,0.0,150,4.2,3,22.4,172.7,30.0,811,0,0.0,42.0,99.0,0,71.7,43.8,2.3,2.5,2.0,22.6,32.0,32.0,13.0,21.4
Safi,Morocco,MA,32.32,-9.24,353476,0,0,0,139,0,140,39.6,112,3.2,6,34.5,55.2,15.0,370,0,0.0,82.0,70.0,1,232.2,37.3,3.3,3.5,3.3,40.7,53.0,53.0,51.0,33.8
Eldoret,Kenya,KE,0.52,35.27,353381,10,7,0,0,0,18,5.1,304,8.6,6,16.8,23.8,40.0,285,0,0.0,65.0,75.0,1,85.0,24.2,3.0,3.3,2.8,35.1,42.0,42.0,62.0,27.0
Mbombela,South Africa,ZA,-25.4696,30.98,348138,2,10,0,8,1,29,8.3,1187,34.1,59,116.0,521.0,25.0,2305,58,16.7,80.0,72.0,1,536.6,6.7,3.3,3.5,3.3,45.8,52.0,52.0,64.0,64.6
Kosti,Sudan,SD,13.17,32.66,345068,0,2,0,0,0,2,0.6,80,2.3,2,8.7,6.7,15.0,105,0,0.0,38.0,88.0,1,21.1,57.4,2.0,2.3,1.8,22.0,35.0,35.0,16.0,14.1
Arusha,Tanzania,TZ,-3.36,36.67,341136,11,12,0,43,3,72,21.1,250,7.3,5,15.3,12.8,40.0,232,150,44.0,62.0,88.0,1,36.3,27.9,2.5,3.0,2.5,29.5,36.0,36.0,74.0,25.8
Chitungwiza,Zimbabwe,ZW,-18.0,31.1,340360,1,6,0,1,0,8,2.4,456,13.4,9,12.8,85.2,25.0,419,0,0.0,45.0,90.0,1,62.9,10.6,2.5,2.8,2.5,26.1,40.0,40.0,28.0,24.8
East London,South Africa,ZA,-32.97,27.87,338627,0,9,0,10,0,21,6.2,593,17.5,30,59.6,387.9,25.0,1600,0,0.0,80.0,72.0,1,536.6,6.7,3.3,3.5,3.3,45.8,52.0,52.0,39.0,55.1
Beni,Congo (Kinshasa),CD,0.4904,29.45,332903,12,104,0,18,7,208,62.5,1077,32.4,11,84.1,528.3,20.0,2105,233,70.0,30.0,95.0,1,23.4,38.0,1.8,2.0,1.8,21.5,28.0,28.0,56.0,44.1
Medani,Sudan,SD,14.4,33.52,332714,4,1,0,19,0,24,7.2,318,9.6,6,36.2,83.1,15.0,447,0,0.0,38.0,88.0,1,21.1,57.4,2.0,2.3,1.8,22.0,35.0,35.0,46.0,20.1
Bujumbura,Burundi,BI,-3.3761,29.36,331700,79,13,0,25,0,118,35.6,228,6.9,5,8.3,79.4,40.0,424,0,0.0,30.0,99.0,0,28.1,24.5,1.8,2.0,1.7,17.7,30.0,30.0,65.0,15.6
Sousse,Tunisia,TN,35.83,10.625,327004,4,15,0,120,1,208,63.6,1194,36.5,60,248.2,507.5,15.0,2520,58,17.7,82.0,72.0,1,317.7,37.9,3.3,3.5,3.3,39.8,65.0,65.0,74.0,62.3
Maroua,Cameroon,CM,10.5956,14.3247,319941,1,3,0,0,0,4,1.3,191,6.0,4,2.0,6.1,20.0,90,0,0.0,48.0,90.0,1,79.1,67.7,2.0,2.5,2.0,28.0,38.0,38.0,24.0,18.4
El Faiyum,Egypt,EG,29.31,30.84,316772,2,2,0,2,0,7,2.2,202,6.4,10,71.0,95.3,15.0,574,0,0.0,85.0,70.0,1,141.4,57.2,3.0,3.5,3.2,41.5,55.0,55.0,47.0,35.7
Bauchi,Nigeria,NG,10.3104,9.84,316149,8,7,0,0,2,18,5.7,135,4.3,3,35.4,105.0,30.0,539,93,29.4,45.0,75.0,1,66.8,71.9,2.5,2.8,2.5,33.0,37.0,37.0,55.0,26.2
Aswan,Egypt,EG,24.0875,32.8989,313442,0,23,0,2,0,26,8.3,101,3.2,5,35.9,357.8,15.0,1281,0,0.0,85.0,70.0,1,141.4,57.2,3.0,3.5,3.2,41.5,55.0,55.0,47.0,41.3
Sapele,Nigeria,NG,5.8904,5.68,309162,0,0,0,0,0,0,0.0,17,0.5,0,4.5,6.0,30.0,125,0,0.0,45.0,75.0,1,66.8,71.9,2.5,2.8,2.5,33.0,37.0,37.0,15.0,18.6
Antsirabe,Madagascar,MG,-19.85,47.0333,307921,3,5,0,10,0,19,6.2,28,0.9,1,3.0,6.9,40.0,154,0,0.0,35.0,99.0,0,17.4,27.4,2.0,2.3,1.8,20.7,32.0,32.0,41.0,11.8
Ksar El Kebir,Morocco,MA,35.0204,-5.91,306600,5,1,0,77,0,83,27.1,562,18.3,28,199.0,37.7,15.0,772,0,0.0,82.0,70.0,1,232.2,37.3,3.3,3.5,3.3,40.7,53.0,53.0,74.0,44.3
Kom Ombo,Egypt,EG,24.47,32.95,303962,0,28,0,1,0,29,9.5,101,3.3,5,37.0,411.5,15.0,1409,0,0.0,85.0,70.0,1,141.4,57.2,3.0,3.5,3.2,41.5,55.0,55.0,50.0,43.0
Qena,Egypt,EG,26.1505,32.72,302027,2,1,0,1,0,4,1.3,202,6.7,10,74.5,57.1,15.0,443,0,0.0,85.0,70.0,1,141.4,57.2,3.0,3.5,3.2,41.5,55.0,55.0,36.0,34.8
Jinja,Uganda,UG,0.4404,33.1999,301619,73,366,0,51,0,491,162.8,144,4.8,3,19.6,277.6,40.0,1017,0,0.0,55.0,85.0,1,45.2,32.2,2.8,3.0,2.8,31.1,38.0,38.0,68.0,29.9
Porto-Novo,Benin,BJ,6.4833,2.6166,300000,28,43,0,36,1,110,36.7,345,11.5,7,56.8,67.3,30.0,462,38,12.7,45.0,99.0,0,46.5,42.4,2.0,2.3,2.0,24.3,38.0,38.0,60.0,23.1
Curepipe,Mauritius,MU,-20.3162,57.5166,299975,4,25,0,73,8,123,41.0,1514,50.5,76,400.0,529.0,40.0,2907,439,146.3,78.0,90.0,1,616.2,45.2,3.0,3.3,3.0,36.3,68.0,68.0,67.0,77.7
Dumyat,Egypt,EG,31.4204,31.82,299459,5,2,0,5,0,14,4.7,505,16.9,25,187.7,201.7,15.0,1211,0,0.0,85.0,70.0,1,141.4,57.2,3.0,3.5,3.2,41.5,55.0,55.0,51.0,46.6
Thiès,Senegal,SN,14.8104,-16.93,293001,1,39,0,49,1,95,32.4,227,7.7,5,13.5,64.6,30.0,317,50,17.1,55.0,90.0,1,73.2,44.3,2.5,3.0,2.5,30.1,38.0,38.0,58.0,24.9
Makurdi,Nigeria,NG,7.73,8.53,292645,0,0,0,1,0,1,0.3,17,0.6,0,4.8,6.3,30.0,120,0,0.0,45.0,75.0,1,66.8,71.9,2.5,2.8,2.5,33.0,37.0,37.0,16.0,18.7
Minna,Nigeria,NG,9.62,6.55,291905,14,61,0,0,0,75,25.7,236,8.1,5,67.0,474.0,30.0,1667,0,0.0,45.0,75.0,1,66.8,71.9,2.5,2.8,2.5,33.0,37.0,37.0,60.0,36.3
Mbeya,Tanzania,TZ,-8.89,33.43,291649,3,3,0,22,0,42,14.4,68,2.3,1,4.9,8.7,40.0,156,0,0.0,62.0,88.0,1,36.3,27.9,2.5,3.0,2.5,29.5,36.0,36.0,54.0,20.1
Bafoussam,Cameroon,CM,5.4904,10.4099,290768,10,11,0,13,0,34,11.7,1907,65.6,38,21.8,57.3,20.0,288,0,0.0,48.0,90.0,1,79.1,67.7,2.0,2.5,2.0,28.0,38.0,38.0,68.0,38.2
Butembo,Congo (Kinshasa),CD,0.13,29.28,286403,34,145,0,15,23,408,142.5,3051,106.5,31,277.0,1204.5,20.0,4300,766,267.5,30.0,95.0,1,23.4,38.0,1.8,2.0,1.8,21.5,28.0,28.0,56.0,60.9
Sekondi,Ghana,GH,4.9433,-1.704,286248,1,10,0,32,0,47,16.4,60,2.1,1,8.7,290.3,30.0,942,0,0.0,68.0,80.0,1,70.3,26.7,2.5,3.0,2.5,32.7,45.0,45.0,53.0,30.9
Zagazig,Egypt,EG,30.5833,31.5167,285097,16,7,0,19,0,42,14.7,1614,56.6,81,631.0,635.5,15.0,3653,0,0.0,85.0,70.0,1,141.4,57.2,3.0,3.5,3.2,41.5,55.0,55.0,67.0,63.2
Batna,Algeria,DZ,35.57,6.17,280798,8,49,0,64,2,139,49.5,565,20.1,28,207.3,217.5,15.0,1235,113,40.2,82.0,70.0,1,233.4,45.0,3.3,3.4,3.0,37.1,62.0,62.0,70.0,52.8
Kaolack,Senegal,SN,14.15,-16.1,277812,0,13,0,13,0,27,9.7,227,8.2,5,14.3,19.4,30.0,177,0,0.0,55.0,90.0,1,73.2,44.3,2.5,3.0,2.5,30.1,38.0,38.0,52.0,22.5
Owo,Nigeria,NG,7.2004,5.59,276574,0,0,0,0,0,0,0.0,17,0.6,0,5.1,6.7,30.0,115,0,0.0,45.0,75.0,1,66.8,71.9,2.5,2.8,2.5,33.0,37.0,37.0,15.0,18.7
Mbandaka,Congo (Kinshasa),CD,0.04,18.26,274996,9,50,0,8,0,67,24.4,808,29.4,8,76.4,206.0,20.0,831,0,0.0,30.0,95.0,1,23.4,38.0,1.8,2.0,1.8,21.5,28.0,28.0,56.0,31.1
Sétif,Algeria,DZ,36.18,5.4,274744,11,113,0,101,2,248,90.3,777,28.3,39,291.4,396.6,15.0,1931,113,41.1,82.0,70.0,1,233.4,45.0,3.3,3.4,3.0,37.1,62.0,62.0,78.0,58.4
Gombe,Nigeria,NG,10.2904,11.17,270366,9,16,0,5,3,33,12.2,152,5.6,3,46.5,225.2,30.0,816,139,51.4,45.0,75.0,1,66.8,71.9,2.5,2.8,2.5,33.0,37.0,37.0,68.0,32.3
Thohoyandou,South Africa,ZA,-22.95,30.48,269707,0,11,0,3,0,14,5.2,593,22.0,30,74.9,324.7,25.0,1145,0,0.0,80.0,72.0,1,536.6,6.7,3.3,3.5,3.3,45.8,52.0,52.0,36.0,55.5
Windhoek,Namibia,NA,-22.57,17.0835,268132,1,53,0,33,11,117,43.6,724,27.0,14,55.8,379.9,25.0,1235,550,205.1,58.0,99.0,0,397.1,7.5,2.8,3.0,2.8,29.9,45.0,45.0,53.0,64.0
Tshikapa,Congo (Kinshasa),CD,-6.41,20.77,267462,0,16,0,3,0,19,7.1,90,3.4,1,8.7,60.1,20.0,237,0,0.0,30.0,95.0,1,23.4,38.0,1.8,2.0,1.8,21.5,28.0,28.0,32.0,14.3
Umuahia,Nigeria,NG,5.532,7.486,264662,2,3,0,8,0,13,4.9,34,1.3,1,10.6,90.6,30.0,347,0,0.0,45.0,75.0,1,66.8,71.9,2.5,2.8,2.5,33.0,37.0,37.0,40.0,21.6
Tubruq,Libya,LY,32.08,23.96,263527,6,10,0,19,0,35,13.3,734,27.9,37,162.5,249.6,15.0,1126,0,0.0,58.0,99.0,0,470.4,19.2,2.5,2.8,2.5,24.7,58.0,58.0,76.0,49.2
Kindu,Congo (Kinshasa),CD,-2.9639,25.91,262914,0,4,0,0,0,4,1.5,90,3.4,1,8.9,12.9,20.0,110,0,0.0,30.0,95.0,1,23.4,38.0,1.8,2.0,1.8,21.5,28.0,28.0,16.0,12.9
Mendefera,Eritrea,ER,14.886,38.8163,257390,0,1,0,1,0,2,0.8,261,10.1,3,8.8,107.4,40.0,402,0,0.0,28.0,99.0,0,28.3,48.4,1.8,2.0,1.8,16.9,28.0,28.0,14.0,17.8
Ondo,Nigeria,NG,7.0904,4.84,257005,0,12,0,45,0,57,22.2,17,0.7,0,5.4,409.2,30.0,1143,0,0.0,45.0,75.0,1,66.8,71.9,2.5,2.8,2.5,33.0,37.0,37.0,45.0,30.8
Chimoio,Mozambique,MZ,-19.12,33.47,256936,2,22,0,2,0,26,10.1,266,10.4,5,12.7,106.8,40.0,410,0,0.0,40.0,99.0,0,53.0,10.4,2.0,2.3,2.0,22.3,32.0,32.0,53.0,20.9
Damaturu,Nigeria,NG,11.749,11.966,255895,3,4,0,0,0,7,2.7,51,2.0,1,16.4,50.5,30.0,248,0,0.0,45.0,75.0,1,66.8,71.9,2.5,2.8,2.5,33.0,37.0,37.0,33.0,20.9
Daloa,Ivory Coast,CI,6.89,-6.45,255168,0,0,0,0,0,0,0.0,212,8.3,4,53.0,206.3,30.0,738,0,0.0,50.0,88.0,1,87.7,32.0,2.3,2.5,2.3,26.7,36.0,36.0,14.0,28.5
El Fasher,Sudan,SD,13.63,25.35,252609,0,0,0,0,0,0,0.0,80,3.2,2,11.9,4.6,15.0,80,0,0.0,38.0,88.0,1,21.1,57.4,2.0,2.3,1.8,22.0,35.0,35.0,14.0,14.5
Dire Dawa,Ethiopia,ET,9.59,41.86,252279,3,0,0,7,0,11,4.4,73,2.9,1,13.6,47.4,40.0,255,0,0.0,62.0,85.0,1,34.8,46.3,2.5,3.0,2.5,28.4,34.0,34.0,37.0,22.0
Morogoro,Tanzania,TZ,-6.82,37.66,250902,9,45,0,69,4,134,53.4,204,8.1,4,17.0,32.4,40.0,224,200,79.7,62.0,88.0,1,36.3,27.9,2.5,3.0,2.5,29.5,36.0,36.0,74.0,29.4
Iwo,Nigeria,NG,7.63,4.18,250443,2,0,0,1,0,3,1.2,34,1.4,1,11.2,22.1,30.0,158,0,0.0,45.0,75.0,1,66.8,71.9,2.5,2.8,2.5,33.0,37.0,37.0,28.0,19.6
Arua,Uganda,UG,3.0204,30.9,250000,130,305,0,72,1,508,203.2,256,10.2,5,42.2,346.5,40.0,1072,50,20.0,55.0,85.0,1,45.2,32.2,2.8,3.0,2.8,31.1,38.0,38.0,75.0,36.3
Mutare,Zimbabwe,ZW,-18.97,32.65,249365,2,4,0,0,0,6,2.4,912,36.6,18,34.9,87.2,25.0,367,0,0.0,45.0,90.0,1,62.9,10.6,2.5,2.8,2.5,26.1,40.0,40.0,33.0,34.8
Matadi,Congo (Kinshasa),CD,-5.8166,13.45,245862,3,0,0,1,0,4,1.6,269,10.9,3,28.5,13.8,20.0,153,0,0.0,30.0,95.0,1,23.4,38.0,1.8,2.0,1.8,21.5,28.0,28.0,26.0,16.5
Springs,South Africa,ZA,-26.2696,28.43,236083,8,6,0,8,0,24,10.2,4747,201.1,237,684.2,635.8,25.0,3175,0,0.0,80.0,72.0,1,536.6,6.7,3.3,3.5,3.3,45.8,52.0,52.0,74.0,69.7
Kismaayo,Somalia,SO,-0.3566,42.5183,234852,1,0,0,0,0,1,0.4,153,6.5,2,4.9,15.8,40.0,142,0,0.0,18.0,99.0,0,22.4,30.8,1.0,1.3,1.0,10.7,19.0,19.0,14.0,9.5
Niamey,Niger,NE,13.4916,7.0964,232555,11,113,0,134,3,272,117.0,192,8.3,2,11.4,138.9,30.0,419,100,43.0,35.0,99.0,0,26.0,51.5,1.8,2.0,1.8,17.7,26.0,26.0,55.0,22.3
Ngaoundéré,Cameroon,CM,7.3204,13.58,231357,0,21,0,16,0,37,16.0,191,8.3,4,2.7,78.4,20.0,234,0,0.0,48.0,90.0,1,79.1,67.7,2.0,2.5,2.0,28.0,38.0,38.0,45.0,21.5
Zinder,Niger,NE,13.8,8.9833,230358,1,16,0,12,0,30,13.0,17,0.7,0,1.0,15.5,30.0,107,0,0.0,35.0,99.0,0,26.0,51.5,1.8,2.0,1.8,17.7,26.0,26.0,45.0,12.1
Tlimcen,Algeria,DZ,34.8904,-1.32,229777,6,40,0,74,1,125,54.4,424,18.5,21,190.0,239.0,15.0,1020,56,24.4,82.0,70.0,1,233.4,45.0,3.3,3.4,3.0,37.1,62.0,62.0,70.0,51.0
Uitenhage,South Africa,ZA,-33.7596,25.39,228912,0,0,0,4,0,4,1.7,593,25.9,30,88.2,109.3,25.0,509,0,0.0,80.0,72.0,1,536.6,6.7,3.3,3.5,3.3,45.8,52.0,52.0,26.0,51.0
Er Rachidia,Morocco,MA,31.9404,-4.45,228489,2,2,0,43,0,49,21.4,225,9.8,11,106.8,29.9,15.0,347,0,0.0,82.0,70.0,1,232.2,37.3,3.3,3.5,3.3,40.7,53.0,53.0,61.0,37.9
Gusau,Nigeria,NG,12.1704,6.66,226857,10,39,0,0,0,49,21.6,169,7.4,3,61.6,398.5,30.0,1112,0,0.0,45.0,75.0,1,66.8,71.9,2.5,2.8,2.5,33.0,37.0,37.0,60.0,34.9
Sikasso,Mali,ML,11.3204,-5.68,225753,1,8,0,14,0,23,10.2,7,0.3,0,4.1,9.4,30.0,98,0,0.0,40.0,99.0,0,34.0,47.2,2.0,2.3,1.8,21.3,28.0,28.0,46.0,12.7
Mubi,Nigeria,NG,10.2703,13.27,225705,34,13,0,0,0,47,20.8,574,25.4,11,210.5,384.2,30.0,1410,0,0.0,45.0,75.0,1,66.8,71.9,2.5,2.8,2.5,33.0,37.0,37.0,60.0,43.3
Nyanza,Rwanda,RW,-2.3496,29.74,225209,150,11,0,29,0,190,84.4,293,13.0,6,30.8,129.6,40.0,451,0,0.0,70.0,92.0,1,52.7,4.1,2.8,3.3,3.0,31.8,44.0,44.0,63.0,31.4
Skikda,Algeria,DZ,36.8804,6.9,225181,6,48,0,63,0,130,57.7,424,18.8,21,193.9,253.7,15.0,1042,0,0.0,82.0,70.0,1,233.4,45.0,3.3,3.4,3.0,37.1,62.0,62.0,78.0,49.9
Tanga,Tanzania,TZ,-5.07,39.09,224876,12,23,0,108,2,145,64.5,273,12.1,5,25.3,39.1,40.0,235,100,44.5,62.0,88.0,1,36.3,27.9,2.5,3.0,2.5,29.5,36.0,36.0,59.0,28.8
Nacala,Mozambique,MZ,-14.5186,40.715,224795,1,15,0,0,0,16,7.1,133,5.9,3,7.2,75.1,40.0,275,0,0.0,40.0,99.0,0,53.0,10.4,2.0,2.3,2.0,22.3,32.0,32.0,39.0,18.0
Gueckedou,Guinea,GN,8.554,-10.151,221715,1,24,0,3,0,28,12.6,22,1.0,0,3.7,7.7,30.0,92,0,0.0,35.0,99.0,0,59.3,54.4,2.0,2.3,2.0,23.1,30.0,30.0,62.0,13.3
Saint-Louis,Mauritania,MR,16.02,-16.51,220792,1,0,0,0,0,1,0.5,93,4.2,2,27.5,3.0,15.0,100,0,0.0,38.0,99.0,0,92.1,43.8,1.8,2.0,1.8,19.9,34.0,34.0,20.0,15.6
Polokwane,South Africa,ZA,-23.89,29.45,220045,1,13,0,9,0,31,14.1,593,26.9,30,91.8,881.2,25.0,2196,0,0.0,80.0,72.0,1,536.6,6.7,3.3,3.5,3.3,45.8,52.0,52.0,71.0,60.5
Gabès,Tunisia,TN,33.9004,10.1,219517,1,5,0,10,0,17,7.7,298,13.6,15,92.4,61.8,15.0,371,0,0.0,82.0,72.0,1,317.7,37.9,3.3,3.5,3.3,39.8,65.0,65.0,54.0,41.4
Dodoma,Tanzania,TZ,-6.1833,35.75,218269,13,109,0,35,3,160,73.3,295,13.5,6,28.3,44.4,40.0,246,150,68.7,62.0,88.0,1,36.3,27.9,2.5,3.0,2.5,29.5,36.0,36.0,67.0,31.5
Bertoua,Cameroon,CM,4.5804,13.68,218111,0,1,0,6,0,7,3.2,191,8.8,4,2.9,15.7,20.0,84,0,0.0,48.0,90.0,1,79.1,67.7,2.0,2.5,2.0,28.0,38.0,38.0,25.0,19.8
Mallawi,Egypt,EG,27.7304,30.84,217365,0,0,0,0,0,0,0.0,101,4.6,5,51.7,19.8,15.0,188,0,0.0,85.0,70.0,1,141.4,57.2,3.0,3.5,3.2,41.5,55.0,55.0,22.0,32.2
Owerri,Nigeria,NG,5.493,7.026,215038,2,5,0,18,1,26,12.1,34,1.6,1,13.0,223.1,30.0,572,46,21.4,45.0,75.0,1,66.8,71.9,2.5,2.8,2.5,33.0,37.0,37.0,70.0,27.4
Limbe,Cameroon,CM,4.0304,9.19,212474,4,40,0,22,2,68,32.0,763,35.9,15,11.9,156.9,20.0,401,83,39.1,48.0,90.0,1,79.1,67.7,2.0,2.5,2.0,28.0,38.0,38.0,55.0,38.1
San-Pedro,Ivory Coast,CI,4.7704,-6.64,210273,0,0,0,0,0,0,0.0,212,10.1,4,64.3,250.3,30.0,725,0,0.0,50.0,88.0,1,87.7,32.0,2.3,2.5,2.3,26.7,36.0,36.0,14.0,30.8
Toamasina,Madagascar,MG,-18.1818,49.405,210226,1,14,0,20,0,35,16.6,9,0.4,0,1.5,18.6,40.0,126,0,0.0,35.0,99.0,0,17.4,27.4,2.0,2.3,1.8,20.7,32.0,32.0,48.0,11.9
Ijebu Ode,Nigeria,NG,6.8204,3.92,209175,1,1,0,0,0,2,1.0,17,0.8,0,6.7,17.6,30.0,114,0,0.0,45.0,75.0,1,66.8,71.9,2.5,2.8,2.5,33.0,37.0,37.0,23.0,19.1
Tema,Ghana,GH,5.6404,0.01,209000,13,28,0,156,2,210,100.5,780,37.3,16,155.5,1776.6,30.0,4101,100,47.8,68.0,80.0,1,70.3,26.7,2.5,3.0,2.5,32.7,45.0,45.0,71.0,54.6
Sidi bel Abbes,Algeria,DZ,35.1903,-0.64,208604,13,75,0,111,5,217,104.0,918,44.0,46,453.5,457.1,15.0,1931,283,135.7,82.0,70.0,1,233.4,45.0,3.3,3.4,3.0,37.1,62.0,62.0,78.0,71.7
Gaborone,Botswana,BW,-24.6463,25.9119,208411,3,28,0,15,0,50,24.0,491,23.6,10,42.8,302.3,25.0,771,0,0.0,65.0,99.0,0,489.6,4.3,2.8,3.0,2.7,32.9,48.0,48.0,59.0,47.5
Lobito,Angola,AO,-12.37,13.5412,207932,0,0,0,12,0,12,5.8,192,9.2,4,24.7,118.7,25.0,350,0,0.0,35.0,99.0,0,76.1,32.5,1.8,2.0,1.8,22.7,32.0,32.0,30.0,20.3
Bahir Dar,Ethiopia,ET,11.6001,37.3833,206748,5,8,0,8,0,21,10.2,121,5.9,2,27.7,110.3,40.0,368,0,0.0,62.0,85.0,1,34.8,46.3,2.5,3.0,2.5,28.4,34.0,34.0,59.0,25.5
Yamoussoukro,Ivory Coast,CI,6.8184,-5.2755,206499,0,0,0,0,0,0,0.0,212,10.3,4,65.4,254.9,30.0,723,0,0.0,50.0,88.0,1,87.7,32.0,2.3,2.5,2.3,26.7,36.0,36.0,14.0,31.1
Kalemie,Congo (Kinshasa),CD,-5.9333,29.2,206257,1,25,0,4,0,30,14.5,90,4.4,1,11.3,123.0,20.0,318,0,0.0,30.0,95.0,1,23.4,38.0,1.8,2.0,1.8,21.5,28.0,28.0,46.0,16.6
Edéa,Cameroon,CM,3.8005,10.12,203149,0,1,0,3,0,4,2.0,191,9.4,4,3.1,9.7,20.0,67,0,0.0,48.0,90.0,1,79.1,67.7,2.0,2.5,2.0,28.0,38.0,38.0,21.0,19.9
Djougou,Benin,BJ,9.7004,1.68,202810,2,0,0,2,0,4,2.0,25,1.2,0,6.0,3.6,30.0,80,0,0.0,45.0,99.0,0,46.5,42.4,2.0,2.3,2.0,24.3,38.0,38.0,31.0,14.6
Biskra,Algeria,DZ,34.86,5.73,202103,10,37,0,52,3,108,53.4,706,34.9,35,360.1,234.8,15.0,1233,170,84.1,82.0,70.0,1,233.4,45.0,3.3,3.4,3.0,37.1,62.0,62.0,78.0,64.2
Al Khums,Libya,LY,32.6604,14.26,201943,16,34,0,58,0,119,58.9,1957,96.9,98,565.5,1107.6,15.0,3409,0,0.0,58.0,99.0,0,470.4,19.2,2.5,2.8,2.5,24.7,58.0,58.0,68.0,60.7
Gedaref,Sudan,SD,14.04,35.38,201282,0,1,0,0,0,1,0.5,80,4.0,2,15.0,5.7,15.0,72,0,0.0,38.0,88.0,1,21.1,57.4,2.0,2.3,1.8,22.0,35.0,35.0,16.0,14.9
Kasama,Zambia,ZM,-10.1996,31.1799,200000,1,2,0,2,0,5,2.5,235,11.8,5,9.6,55.0,25.0,179,0,0.0,50.0,93.0,1,79.6,10.3,2.5,2.8,2.5,27.4,38.0,38.0,28.0,23.9
Nema,Mauritania,MR,16.6171,-7.25,200000,0,0,0,0,0,0,0.0,93,4.7,2,30.4,3.3,15.0,97,0,0.0,38.0,99.0,0,92.1,43.8,1.8,2.0,1.8,19.9,34.0,34.0,14.0,15.9
Az Zawiyah,Libya,LY,32.7604,12.72,200000,14,51,0,76,3,150,75.0,1713,85.7,86,499.6,1409.7,15.0,3849,139,69.5,58.0,99.0,0,470.4,19.2,2.5,2.8,2.5,24.7,58.0,58.0,68.0,65.9
Taza,Morocco,MA,34.2204,-4.02,199633,0,0,0,60,0,60,30.1,112,5.6,6,61.1,41.9,15.0,236,0,0.0,82.0,70.0,1,232.2,37.3,3.3,3.5,3.3,40.7,53.0,53.0,51.0,35.2
Rashid,Egypt,EG,31.4604,30.39,199509,0,0,0,1,0,1,0.5,101,5.1,5,56.4,21.6,15.0,185,0,0.0,85.0,70.0,1,141.4,57.2,3.0,3.5,3.2,41.5,55.0,55.0,24.0,32.5
Gemena,Congo (Kinshasa),CD,3.26,19.77,198056,0,0,0,1,0,1,0.5,90,4.5,1,11.8,4.3,20.0,71,0,0.0,30.0,95.0,1,23.4,38.0,1.8,2.0,1.8,21.5,28.0,28.0,13.0,13.2
Mbanza-Ngungu,Congo (Kinshasa),CD,-5.2496,14.86,197545,0,8,0,0,0,8,4.0,90,4.6,1,11.8,34.2,20.0,130,0,0.0,30.0,95.0,1,23.4,38.0,1.8,2.0,1.8,21.5,28.0,28.0,23.0,14.1
Brikama,The Gambia,GM,13.2804,-16.6599,195136,6,3,0,6,0,15,7.7,217,11.1,4,9.0,65.8,30.0,205,0,0.0,48.0,99.0,0,25.7,33.8,2.0,2.3,1.8,21.5,38.0,38.0,61.0,19.9
Bongor,Chad,TD,10.2859,15.3872,193941,1,13,0,0,0,14,7.2,9,0.5,0,2.5,29.6,20.0,101,0,0.0,22.0,99.0,0,47.4,51.7,1.5,1.5,1.3,15.1,24.0,24.0,36.0,9.4
Ziguinchor,Senegal,SN,12.59,-16.29,191716,2,10,0,14,0,26,13.6,455,23.7,9,41.3,27.0,30.0,189,0,0.0,55.0,90.0,1,73.2,44.3,2.5,3.0,2.5,30.1,38.0,38.0,63.0,29.8
Mwene-Ditu,Congo (Kinshasa),CD,-7.0,23.44,189177,2,2,0,1,0,5,2.6,179,9.5,2,24.7,22.3,20.0,127,0,0.0,30.0,95.0,1,23.4,38.0,1.8,2.0,1.8,21.5,28.0,28.0,29.0,16.1
Kabwe,Zambia,ZM,-14.44,28.45,188979,6,38,0,0,0,44,23.3,1409,74.6,28,60.8,512.3,25.0,1130,0,0.0,50.0,93.0,1,79.6,10.3,2.5,2.8,2.5,27.4,38.0,38.0,60.0,52.3
Quelimane,Mozambique,MZ,-17.88,36.89,188964,0,28,0,3,0,31,16.4,133,7.0,3,8.6,173.2,40.0,419,0,0.0,40.0,99.0,0,53.0,10.4,2.0,2.3,2.0,22.3,32.0,32.0,43.0,21.4
Parakou,Benin,BJ,9.34,2.62,188853,9,20,0,24,1,55,29.1,111,5.9,2,29.0,53.5,30.0,212,38,20.1,45.0,99.0,0,46.5,42.4,2.0,2.3,2.0,24.3,38.0,38.0,60.0,20.1
Mostaganem,Algeria,DZ,35.9404,0.09,188354,9,77,0,71,0,165,87.6,636,33.8,32,347.7,384.9,15.0,1408,0,0.0,82.0,70.0,1,233.4,45.0,3.3,3.4,3.0,37.1,62.0,62.0,70.0,57.5
Laayoune,Morocco,MA,27.15,-13.2,188084,1,2,0,109,0,112,59.5,112,6.0,6,64.9,83.0,15.0,306,0,0.0,82.0,70.0,1,232.2,37.3,3.3,3.5,3.3,40.7,53.0,53.0,56.0,36.7
Paarl,South Africa,ZA,-33.6996,18.96,187865,1,14,0,13,0,36,19.2,593,31.6,30,107.5,1198.6,25.0,2501,0,0.0,80.0,72.0,1,536.6,6.7,3.3,3.5,3.3,45.8,52.0,52.0,56.0,62.3
Shendi,Sudan,SD,16.6805,33.42,186611,0,0,0,0,0,0,0.0,80,4.3,2,16.2,6.2,15.0,70,0,0.0,38.0,88.0,1,21.1,57.4,2.0,2.3,1.8,22.0,35.0,35.0,14.0,15.1
Ad Damazīn,Sudan,SD,11.7704,34.35,186051,0,0,0,0,0,0,0.0,80,4.3,2,16.2,6.2,15.0,70,0,0.0,38.0,88.0,1,21.1,57.4,2.0,2.3,1.8,22.0,35.0,35.0,14.0,15.1
Jamaame,Somalia,SO,0.0722,42.7506,185270,1,0,0,0,0,1,0.5,153,8.3,2,6.2,20.0,40.0,123,0,0.0,18.0,99.0,0,22.4,30.8,1.0,1.3,1.0,10.7,19.0,19.0,14.0,10.3
Yei,South Sudan,SS,4.0904,30.68,185000,1,1,0,0,0,2,1.1,26,1.4,0,2.6,1.7,40.0,82,0,0.0,15.0,99.0,0,72.8,27.1,1.0,1.3,1.0,11.7,18.0,18.0,16.0,7.5
Tiarat,Algeria,DZ,35.3804,1.32,184195,9,63,0,96,1,177,96.1,636,34.5,32,355.6,422.2,15.0,1460,56,30.4,82.0,70.0,1,233.4,45.0,3.3,3.4,3.0,37.1,62.0,62.0,70.0,60.1
Fianarantsoa,Madagascar,MG,-21.4333,47.0833,184184,2,49,0,16,2,78,42.3,19,1.0,0,3.3,47.4,40.0,167,76,41.3,35.0,99.0,0,17.4,27.4,2.0,2.3,1.8,20.7,32.0,32.0,53.0,16.1
Dese,Ethiopia,ET,11.13,39.63,183802,0,5,0,2,0,7,3.8,24,1.3,0,6.2,41.4,40.0,161,0,0.0,62.0,85.0,1,34.8,46.3,2.5,3.0,2.5,28.4,34.0,34.0,25.0,20.9
Gweru,Zimbabwe,ZW,-19.45,29.82,183358,1,4,0,3,1,9,4.9,456,24.9,9,23.8,178.0,25.0,416,46,25.1,45.0,90.0,1,62.9,10.6,2.5,2.8,2.5,26.1,40.0,40.0,36.0,34.4
Shibin el Kom,Egypt,EG,30.592,30.9,182900,5,3,0,3,0,12,6.6,505,27.6,25,307.4,283.0,15.0,1107,0,0.0,85.0,70.0,1,141.4,57.2,3.0,3.5,3.2,41.5,55.0,55.0,65.0,54.2
Chingola,Zambia,ZM,-12.5396,27.85,182015,1,19,0,0,0,20,11.0,235,12.9,5,10.5,241.8,25.0,505,0,0.0,50.0,93.0,1,79.6,10.3,2.5,2.8,2.5,27.4,38.0,38.0,50.0,30.0
Funtua,Nigeria,NG,11.5204,7.32,180475,2,0,0,0,0,2,1.1,34,1.9,1,15.5,20.4,30.0,119,0,0.0,45.0,75.0,1,66.8,71.9,2.5,2.8,2.5,33.0,37.0,37.0,28.0,19.9
El Jadida,Morocco,MA,33.2604,-8.51,180470,0,0,0,148,0,151,83.7,112,6.2,6,67.6,116.6,15.0,360,0,0.0,82.0,70.0,1,232.2,37.3,3.3,3.5,3.3,40.7,53.0,53.0,51.0,37.9
Zuwara,Libya,LY,32.9344,12.0791,180310,3,10,0,17,0,31,17.2,367,20.4,18,118.7,323.2,15.0,824,0,0.0,58.0,99.0,0,470.4,19.2,2.5,2.8,2.5,24.7,58.0,58.0,63.0,47.1
Obuasi,Ghana,GH,6.1904,-1.66,180117,1,1,0,2,0,4,2.2,60,3.3,1,13.9,39.3,30.0,150,0,0.0,68.0,80.0,1,70.3,26.7,2.5,3.0,2.5,32.7,45.0,45.0,30.0,24.0
Klerksdorp,South Africa,ZA,-26.88,26.62,178921,4,6,0,10,1,27,15.1,2374,132.7,119,451.4,943.9,25.0,2541,58,32.4,80.0,72.0,1,536.6,6.7,3.3,3.5,3.3,45.8,52.0,52.0,76.0,72.1
El Arish,Egypt,EG,31.1249,33.8006,178651,1,0,0,1,0,2,1.1,101,5.7,5,62.9,48.3,15.0,226,0,0.0,85.0,70.0,1,141.4,57.2,3.0,3.5,3.2,41.5,55.0,55.0,30.0,33.8
Boma,Congo (Kinshasa),CD,-5.83,13.05,178638,2,0,0,0,0,2,1.1,179,10.0,2,26.1,9.5,20.0,99,0,0.0,30.0,95.0,1,23.4,38.0,1.8,2.0,1.8,21.5,28.0,28.0,24.0,15.9
Korhogo,Ivory Coast,CI,9.46,-5.64,177711,0,0,0,0,0,0,0.0,212,11.9,4,76.1,296.2,30.0,715,0,0.0,50.0,88.0,1,87.7,32.0,2.3,2.5,2.3,26.7,36.0,36.0,14.0,33.3
El Oued,Algeria,DZ,33.3704,6.86,177497,9,35,0,21,1,70,39.4,636,35.8,32,369.0,173.3,15.0,989,56,31.5,82.0,70.0,1,233.4,45.0,3.3,3.4,3.0,37.1,62.0,62.0,70.0,60.7
Kadugli,Sudan,SD,11.01,29.7,176931,0,0,0,0,0,0,0.0,80,4.5,2,17.0,6.5,15.0,68,0,0.0,38.0,88.0,1,21.1,57.4,2.0,2.3,1.8,22.0,35.0,35.0,14.0,15.2
Ouargla,Algeria,DZ,31.97,5.34,176271,5,17,0,28,0,54,30.6,353,20.0,18,206.4,134.6,15.0,628,0,0.0,82.0,70.0,1,233.4,45.0,3.3,3.4,3.0,37.1,62.0,62.0,70.0,47.2
Entebbe,Uganda,UG,0.0604,32.46,175128,49,78,0,18,1,147,83.9,96,5.5,2,22.7,143.2,40.0,361,50,28.6,55.0,85.0,1,45.2,32.2,2.8,3.0,2.8,31.1,38.0,38.0,60.0,28.4
Harar,Ethiopia,ET,9.32,42.15,174994,2,1,0,10,0,13,7.4,49,2.8,1,13.1,80.7,40.0,234,0,0.0,62.0,85.0,1,34.8,46.3,2.5,3.0,2.5,28.4,34.0,34.0,54.0,22.9
George,South Africa,ZA,-33.95,22.45,174582,1,7,0,20,0,39,22.3,593,34.0,30,115.7,1397.2,25.0,2685,0,0.0,80.0,72.0,1,536.6,6.7,3.3,3.5,3.3,45.8,52.0,52.0,56.0,63.3
Bo,Sierra Leone,SL,7.97,-11.74,174354,2,6,0,58,0,66,37.9,65,3.7,1,12.6,359.9,30.0,702,0,0.0,35.0,99.0,0,35.8,54.5,2.3,2.5,2.3,24.4,30.0,30.0,52.0,25.6
Bida,Nigeria,NG,9.0804,6.01,173849,5,34,0,0,0,39,22.4,84,4.8,2,40.2,413.9,30.0,842,0,0.0,45.0,75.0,1,66.8,71.9,2.5,2.8,2.5,33.0,37.0,37.0,60.0,33.6
Bata,Equatorial Guinea,GQ,1.87,9.77,173046,0,2,0,0,0,2,1.2,345,19.9,7,14.5,52.3,20.0,150,0,0.0,32.0,99.0,0,233.7,66.0,1.5,1.8,1.5,16.5,45.0,45.0,22.0,24.1
Tébessa,Algeria,DZ,35.4104,8.12,171742,1,17,0,27,2,48,27.9,71,4.1,4,42.4,122.8,15.0,309,113,65.8,82.0,70.0,1,233.4,45.0,3.3,3.4,3.0,37.1,62.0,62.0,60.0,40.5
Djelfa,Algeria,DZ,34.68,3.25,170901,9,83,0,51,1,151,88.4,636,37.2,32,383.2,388.2,15.0,1344,56,32.8,82.0,70.0,1,233.4,45.0,3.3,3.4,3.0,37.1,62.0,62.0,78.0,61.3
Uvira,Congo (Kinshasa),CD,-3.37,29.14,170391,0,10,0,0,0,10,5.9,90,5.3,1,13.7,49.6,20.0,142,0,0.0,30.0,95.0,1,23.4,38.0,1.8,2.0,1.8,21.5,28.0,28.0,29.0,14.9
Al Marj,Libya,LY,32.5005,20.83,169540,5,10,0,28,0,43,25.4,612,36.1,31,210.5,476.7,15.0,1191,0,0.0,58.0,99.0,0,470.4,19.2,2.5,2.8,2.5,24.7,58.0,58.0,68.0,55.1
Sarh,Chad,TD,9.15,18.39,169196,0,8,0,2,0,10,5.9,9,0.5,0,2.8,24.3,20.0,80,0,0.0,22.0,99.0,0,47.4,51.7,1.5,1.5,1.3,15.1,24.0,24.0,27.0,9.3
Atbarah,Sudan,SD,17.71,33.98,168612,3,0,0,0,0,3,1.8,239,14.2,5,53.6,20.5,15.0,150,0,0.0,38.0,88.0,1,21.1,57.4,2.0,2.3,1.8,22.0,35.0,35.0,29.0,20.6
Nzérékoré,Guinea,GN,7.76,-8.83,168121,2,24,0,33,0,59,35.1,43,2.6,1,9.8,21.5,30.0,103,0,0.0,35.0,99.0,0,59.3,54.4,2.0,2.3,2.0,23.1,30.0,30.0,67.0,14.5
Benha,Egypt,EG,30.4667,31.1833,167029,2,4,0,4,0,12,7.2,202,12.1,10,134.6,309.9,15.0,768,0,0.0,85.0,70.0,1,141.4,57.2,3.0,3.5,3.2,41.5,55.0,55.0,54.0,46.4
Rustenburg,South Africa,ZA,-25.65,27.24,165976,1,8,0,5,0,16,9.6,593,35.7,30,121.7,602.9,25.0,1244,0,0.0,80.0,72.0,1,536.6,6.7,3.3,3.5,3.3,45.8,52.0,52.0,63.0,64.0
Livingstone,Zambia,ZM,-17.86,25.86,165480,0,1,0,4,0,6,3.6,235,14.2,5,11.6,79.8,25.0,193,0,0.0,50.0,93.0,1,79.6,10.3,2.5,2.8,2.5,27.4,38.0,38.0,26.0,25.7
Kimberley,South Africa,ZA,-28.7468,24.77,165264,1,7,0,5,0,13,7.9,593,35.9,30,122.2,492.0,25.0,1056,0,0.0,80.0,72.0,1,536.6,6.7,3.3,3.5,3.3,45.8,52.0,52.0,50.0,64.1
Kigoma,Tanzania,TZ,-4.8796,29.61,164268,6,13,0,42,0,61,37.1,136,8.3,3,17.3,22.5,40.0,131,0,0.0,62.0,88.0,1,36.3,27.9,2.5,3.0,2.5,29.5,36.0,36.0,67.0,23.2
Geneina,Sudan,SD,13.45,22.44,162981,2,0,0,0,0,2,1.2,159,9.8,3,37.0,14.1,15.0,108,0,0.0,38.0,88.0,1,21.1,57.4,2.0,2.3,1.8,22.0,35.0,35.0,28.0,18.2
Settat,Morocco,MA,33.0104,-7.62,161748,1,2,0,197,1,203,125.5,112,6.9,6,75.4,174.9,15.0,429,58,35.9,82.0,70.0,1,232.2,37.3,3.3,3.5,3.3,40.7,53.0,53.0,56.0,42.8
Bhisho,South Africa,ZA,-32.87,27.39,160997,0,1,0,1,0,2,1.2,593,36.8,30,125.4,77.7,25.0,367,0,0.0,80.0,72.0,1,536.6,6.7,3.3,3.5,3.3,45.8,52.0,52.0,24.0,55.5
Malakal,South Sudan,SS,9.5369,31.656,160765,0,1,0,0,0,1,0.6,26,1.6,0,3.0,1.0,40.0,71,0,0.0,15.0,99.0,0,72.8,27.1,1.0,1.3,1.0,11.7,18.0,18.0,9.0,7.6
Bumba,Congo (Kinshasa),CD,2.19,22.46,160539,0,0,0,0,0,0,0.0,90,5.6,1,14.5,5.3,20.0,64,0,0.0,30.0,95.0,1,23.4,38.0,1.8,2.0,1.8,21.5,28.0,28.0,11.0,13.7
Zarzis,Tunisia,TN,33.5104,11.1,159161,1,8,0,6,0,15,9.4,298,18.7,15,127.5,75.2,15.0,346,0,0.0,82.0,72.0,1,317.7,37.9,3.3,3.5,3.3,39.8,65.0,65.0,67.0,44.9
Abéché,Chad,TD,13.84,20.83,158317,3,0,0,2,0,5,3.2,27,1.7,0,9.0,13.0,20.0,66,0,0.0,22.0,99.0,0,47.4,51.7,1.5,1.5,1.3,15.1,24.0,24.0,29.0,9.6
Hurghada,Egypt,EG,27.23,33.83,157204,6,12,0,38,0,62,39.4,605,38.5,30,429.1,1701.2,15.0,3373,0,0.0,85.0,70.0,1,141.4,57.2,3.0,3.5,3.2,41.5,55.0,55.0,75.0,58.6
Isiro,Congo (Kinshasa),CD,2.76,27.62,157196,1,1,0,1,0,3,1.9,90,5.7,1,14.8,16.1,20.0,80,0,0.0,30.0,95.0,1,23.4,38.0,1.8,2.0,1.8,21.5,28.0,28.0,22.0,14.1
Moundou,Chad,TD,8.55,16.09,156705,2,2,0,3,0,8,5.1,18,1.1,0,6.1,21.0,20.0,74,0,0.0,22.0,99.0,0,47.4,51.7,1.5,1.5,1.3,15.1,24.0,24.0,35.0,9.5
Koforidua,Ghana,GH,6.0904,-0.26,156653,2,14,0,36,2,56,35.7,120,7.7,2,31.9,632.1,30.0,1087,100,63.8,68.0,80.0,1,70.3,26.7,2.5,3.0,2.5,32.7,45.0,45.0,66.0,44.0
Gondar,Ethiopia,ET,12.61,37.46,156230,3,7,0,7,0,18,11.5,73,4.7,1,22.0,125.1,40.0,292,0,0.0,62.0,85.0,1,34.8,46.3,2.5,3.0,2.5,28.4,34.0,34.0,62.0,25.3
Malabo,Equatorial Guinea,GQ,3.75,8.7833,155963,0,1,0,7,0,8,5.1,345,22.1,7,16.1,232.0,20.0,418,0,0.0,32.0,99.0,0,233.7,66.0,1.5,1.8,1.5,16.5,45.0,45.0,33.0,30.4
Middelburg,South Africa,ZA,-25.7596,29.47,154706,0,0,0,7,0,7,4.5,593,38.3,30,130.5,283.0,25.0,678,0,0.0,80.0,72.0,1,536.6,6.7,3.3,3.5,3.3,45.8,52.0,52.0,34.0,62.4
Mahajanga,Madagascar,MG,-15.67,46.345,154657,3,19,0,19,1,42,27.2,28,1.8,1,5.9,30.4,40.0,118,38,24.6,35.0,99.0,0,17.4,27.4,2.0,2.3,1.8,20.7,32.0,32.0,61.0,14.8
Gandajika,Congo (Kinshasa),CD,-6.7396,23.96,154425,4,0,0,0,0,4,2.6,359,23.2,4,60.4,21.9,20.0,158,0,0.0,30.0,95.0,1,23.4,38.0,1.8,2.0,1.8,21.5,28.0,28.0,29.0,22.6
Moanda,Congo (Kinshasa),CD,-5.9229,12.355,153915,0,0,0,2,0,3,1.9,90,5.8,1,15.2,16.5,20.0,79,0,0.0,30.0,95.0,1,23.4,38.0,1.8,2.0,1.8,21.5,28.0,28.0,17.0,14.2
Mufulira,Zambia,ZM,-12.55,28.26,153624,1,12,0,0,0,13,8.5,235,15.3,5,12.5,186.2,25.0,344,0,0.0,50.0,93.0,1,79.6,10.3,2.5,2.8,2.5,27.4,38.0,38.0,46.0,29.4
Samalut,Egypt,EG,28.3004,30.71,152097,2,0,0,1,0,3,2.0,202,13.3,10,147.8,85.1,15.0,377,0,0.0,85.0,70.0,1,141.4,57.2,3.0,3.5,3.2,41.5,55.0,55.0,38.0,40.5
Luanshya,Zambia,ZM,-13.1333,28.4,151993,2,15,0,1,0,18,11.8,470,30.9,9,25.2,260.6,25.0,472,0,0.0,50.0,93.0,1,79.6,10.3,2.5,2.8,2.5,27.4,38.0,38.0,55.0,38.2
El Manaqil,Sudan,SD,14.2504,32.98,151827,2,2,0,1,0,5,3.3,159,10.5,3,39.7,37.9,15.0,141,0,0.0,38.0,88.0,1,21.1,57.4,2.0,2.3,1.8,22.0,35.0,35.0,34.0,19.2
Benguela,Angola,AO,-12.5783,13.4072,151226,0,1,0,0,0,1,0.7,192,12.7,4,34.0,13.6,25.0,110,0,0.0,35.0,99.0,0,76.1,32.5,1.8,2.0,1.8,22.7,32.0,32.0,15.0,18.8
Kitale,Kenya,KE,1.0305,34.9899,150495,7,17,0,0,0,24,15.9,213,14.2,4,27.6,74.6,40.0,214,0,0.0,65.0,75.0,1,85.0,24.2,3.0,3.3,2.8,35.1,42.0,42.0,62.0,31.1
Vryheid,South Africa,ZA,-27.76,30.79,150012,0,1,0,1,0,2,1.3,593,39.5,30,134.6,83.4,25.0,365,0,0.0,80.0,72.0,1,536.6,6.7,3.3,3.5,3.3,45.8,52.0,52.0,25.0,57.1
Keren,Eritrea,ER,15.6804,38.45,150000,0,1,0,0,0,1,0.7,261,17.4,3,15.1,92.1,40.0,221,0,0.0,28.0,99.0,0,28.3,48.4,1.8,2.0,1.8,16.9,28.0,28.0,13.0,20.4
M'sila,Algeria,DZ,35.7,4.545,150000,3,21,0,35,5,69,46.0,212,14.1,11,145.5,202.1,15.0,544,283,188.7,82.0,70.0,1,233.4,45.0,3.3,3.4,3.0,37.1,62.0,62.0,65.0,59.2
Tororo,Uganda,UG,0.7104,34.17,150000,31,209,0,23,0,264,176.0,61,4.1,1,16.8,300.2,40.0,535,0,0.0,55.0,85.0,1,45.2,32.2,2.8,3.0,2.8,31.1,38.0,38.0,60.0,30.2
Diourbel,Senegal,SN,14.6604,-16.24,148024,0,10,0,26,0,40,27.0,227,15.3,5,26.8,53.8,30.0,164,0,0.0,55.0,90.0,1,73.2,44.3,2.5,3.0,2.5,30.1,38.0,38.0,60.0,26.8
Jijel,Algeria,DZ,36.822,5.766,148000,2,47,0,63,4,125,84.5,141,9.5,7,98.3,371.1,15.0,717,226,152.7,82.0,70.0,1,233.4,45.0,3.3,3.4,3.0,37.1,62.0,62.0,65.0,58.3
Médéa,Algeria,DZ,36.2704,2.77,147707,7,83,0,55,1,164,111.0,494,33.4,25,344.9,487.9,15.0,1252,56,37.9,82.0,70.0,1,233.4,45.0,3.3,3.4,3.0,37.1,62.0,62.0,70.0,60.2
Man,Ivory Coast,CI,7.4004,-7.55,146974,0,0,0,0,0,0,0.0,212,14.4,4,92.0,358.1,30.0,706,0,0.0,50.0,88.0,1,87.7,32.0,2.3,2.5,2.3,26.7,36.0,36.0,14.0,36.6
Wamba,Congo (Kinshasa),CD,2.1404,27.99,146871,0,0,0,0,0,0,0.0,90,6.1,1,15.9,5.8,20.0,61,0,0.0,30.0,95.0,1,23.4,38.0,1.8,2.0,1.8,21.5,28.0,28.0,11.0,14.0
Gulu,Uganda,UG,2.78,32.28,146858,66,155,0,21,0,242,164.8,130,8.9,3,36.5,281.0,40.0,525,0,0.0,55.0,85.0,1,45.2,32.2,2.8,3.0,2.8,31.1,38.0,38.0,60.0,32.1
Gharyan,Libya,LY,32.1704,13.02,146810,7,16,0,26,0,51,34.7,856,58.3,43,340.3,652.9,15.0,1480,0,0.0,58.0,99.0,0,470.4,19.2,2.5,2.8,2.5,24.7,58.0,58.0,68.0,60.7
Tabora,Tanzania,TZ,-5.02,32.8,146495,2,9,0,34,1,47,32.1,45,3.1,1,6.5,19.4,40.0,97,50,34.1,62.0,88.0,1,36.3,27.9,2.5,3.0,2.5,29.5,36.0,36.0,54.0,23.3
Machakos,Kenya,KE,-1.5095,37.26,144925,9,9,0,2,0,21,14.5,274,18.9,5,36.9,67.8,40.0,210,0,0.0,65.0,75.0,1,85.0,24.2,3.0,3.3,2.8,35.1,42.0,42.0,70.0,33.1
Qairouan,Tunisia,TN,35.6804,10.1,144522,2,1,0,10,0,14,9.7,597,41.3,30,280.8,77.3,15.0,539,0,0.0,82.0,72.0,1,317.7,37.9,3.3,3.5,3.3,39.8,65.0,65.0,65.0,58.6
Kumba,Cameroon,CM,4.6404,9.44,144413,11,3,0,5,0,19,13.2,2097,145.2,42,48.2,64.5,20.0,192,0,0.0,48.0,90.0,1,79.1,67.7,2.0,2.5,2.0,28.0,38.0,38.0,60.0,39.2
Goma,Congo (Kinshasa),CD,-1.6788,29.2218,144124,8,146,0,10,2,315,218.6,718,49.8,7,129.5,1847.9,20.0,2879,66,45.8,30.0,95.0,1,23.4,38.0,1.8,2.0,1.8,21.5,28.0,28.0,64.0,49.2
Tizi-Ouzou,Algeria,DZ,36.7117,4.0461,144000,15,87,0,106,4,223,154.9,1059,73.5,53,758.1,680.5,15.0,2093,226,156.9,82.0,70.0,1,233.4,45.0,3.3,3.4,3.0,37.1,62.0,62.0,78.0,75.7
Kafr el Sheikh,Egypt,EG,31.109,30.936,143970,1,1,0,1,1,5,3.5,101,7.0,5,78.1,149.8,15.0,350,58,40.3,85.0,70.0,1,141.4,57.2,3.0,3.5,3.2,41.5,55.0,55.0,38.0,40.8
Ajdabiya,Libya,LY,30.77,20.22,143833,3,21,0,13,0,37,25.7,367,25.5,18,148.9,483.5,15.0,931,0,0.0,58.0,99.0,0,470.4,19.2,2.5,2.8,2.5,24.7,58.0,58.0,63.0,50.9
Béchar,Algeria,DZ,31.6111,-2.23,143382,1,8,0,18,0,30,20.9,71,5.0,4,50.8,91.9,15.0,226,0,0.0,82.0,70.0,1,233.4,45.0,3.3,3.4,3.0,37.1,62.0,62.0,60.0,35.2
Kenema,Sierra Leone,SL,7.8804,-11.19,143137,2,11,0,3,0,16,11.2,65,4.5,1,15.3,106.3,30.0,217,0,0.0,35.0,99.0,0,35.8,54.5,2.3,2.5,2.3,24.4,30.0,30.0,67.0,18.4
Cape Coast,Ghana,GH,5.1104,-1.25,143015,2,20,0,44,3,70,48.9,120,8.4,2,35.0,865.4,30.0,1331,150,104.9,68.0,80.0,1,70.3,26.7,2.5,3.0,2.5,32.7,45.0,45.0,58.0,47.3
Massawa,Eritrea,ER,15.6101,39.45,142564,0,0,0,0,0,0,0.0,261,18.3,3,15.9,96.9,40.0,218,0,0.0,28.0,99.0,0,28.3,48.4,1.8,2.0,1.8,16.9,28.0,28.0,11.0,21.0
Saïda,Algeria,DZ,34.8404,0.14,142213,0,10,0,6,0,16,11.3,71,5.0,4,51.2,49.4,15.0,164,0,0.0,82.0,70.0,1,233.4,45.0,3.3,3.4,3.0,37.1,62.0,62.0,55.0,34.0
Labé,Guinea,GN,11.32,-12.3,140575,8,6,0,14,1,29,20.6,172,12.2,3,47.0,12.6,30.0,126,38,27.0,35.0,99.0,0,59.3,54.4,2.0,2.3,2.0,23.1,30.0,30.0,57.0,21.2
Bordj Bou Arréridj,Algeria,DZ,36.0777,4.7647,140000,12,83,0,91,0,191,136.4,848,60.6,42,623.8,599.5,15.0,1734,0,0.0,82.0,70.0,1,233.4,45.0,3.3,3.4,3.0,37.1,62.0,62.0,78.0,64.0
Bizerte,Tunisia,TN,37.2904,9.855,139843,0,1,0,14,0,16,11.4,298,21.3,15,145.1,91.3,15.0,352,0,0.0,82.0,72.0,1,317.7,37.9,3.3,3.5,3.3,39.8,65.0,65.0,56.0,47.0
Umtata,South Africa,ZA,-31.58,28.79,137772,1,3,0,3,0,7,5.1,593,43.0,30,146.6,317.8,25.0,674,0,0.0,80.0,72.0,1,536.6,6.7,3.3,3.5,3.3,45.8,52.0,52.0,49.0,65.8
Lira,Uganda,UG,2.2604,32.89,135445,136,71,0,28,0,235,173.5,268,19.8,5,81.5,295.9,40.0,565,0,0.0,55.0,85.0,1,45.2,32.2,2.8,3.0,2.8,31.1,38.0,38.0,75.0,38.3
Souk Ahras,Algeria,DZ,36.2904,7.95,134947,1,9,0,17,0,29,21.5,71,5.3,4,53.9,94.4,15.0,220,0,0.0,82.0,70.0,1,233.4,45.0,3.3,3.4,3.0,37.1,62.0,62.0,60.0,35.5
Touggourt,Algeria,DZ,33.1,6.06,133954,0,13,0,19,0,35,26.1,71,5.3,4,54.3,114.8,15.0,247,0,0.0,82.0,70.0,1,233.4,45.0,3.3,3.4,3.0,37.1,62.0,62.0,63.0,36.2
Musoma,Tanzania,TZ,-1.4896,33.8,133156,9,20,0,5,0,37,27.8,204,15.3,4,32.1,16.8,40.0,118,0,0.0,62.0,88.0,1,36.3,27.9,2.5,3.0,2.5,29.5,36.0,36.0,67.0,26.3
Awasa,Ethiopia,ET,7.06,38.477,133097,4,9,0,9,0,23,17.3,97,7.3,2,34.5,187.7,40.0,349,0,0.0,62.0,85.0,1,34.8,46.3,2.5,3.0,2.5,28.4,34.0,34.0,54.0,28.6
Moçâmedes,Angola,AO,-15.19,12.16,132900,3,0,0,2,0,9,6.8,575,43.3,12,116.1,139.3,25.0,373,0,0.0,35.0,99.0,0,76.1,32.5,1.8,2.0,1.8,22.7,32.0,32.0,51.0,37.2
Sennar,Sudan,SD,13.55,33.6,130122,0,0,0,1,0,1,0.8,80,6.1,2,23.2,8.8,15.0,61,0,0.0,38.0,88.0,1,21.1,57.4,2.0,2.3,1.8,22.0,35.0,35.0,16.0,16.1
Baydhabo,Somalia,SO,3.12,43.65,129839,0,0,0,0,0,0,0.0,153,11.8,2,8.8,28.6,40.0,100,0,0.0,18.0,99.0,0,22.4,30.8,1.0,1.3,1.0,10.7,19.0,19.0,8.0,12.1
Tete,Mozambique,MZ,-16.17,33.58,129316,0,2,0,1,0,3,2.3,133,10.3,3,12.6,24.5,40.0,100,0,0.0,40.0,99.0,0,53.0,10.4,2.0,2.3,2.0,22.3,32.0,32.0,20.0,18.4
Xai-Xai,Mozambique,MZ,-25.04,33.64,128805,2,2,0,0,0,4,3.1,266,20.7,5,25.3,32.8,40.0,126,0,0.0,40.0,99.0,0,53.0,10.4,2.0,2.3,2.0,22.3,32.0,32.0,40.0,23.2
Kamina,Congo (Kinshasa),CD,-8.73,25.01,128803,0,1,0,2,0,4,3.1,90,7.0,1,18.1,26.3,20.0,83,0,0.0,30.0,95.0,1,23.4,38.0,1.8,2.0,1.8,21.5,28.0,28.0,20.0,15.0
Moroni,Comoros,KM,-11.7042,43.2402,128698,5,12,0,18,0,36,28.0,278,21.6,6,42.4,164.4,40.0,318,0,0.0,35.0,99.0,0,102.2,56.6,1.5,1.8,1.5,17.9,35.0,35.0,59.0,26.7
Jima,Ethiopia,ET,7.68,36.83,128306,2,3,0,0,0,5,3.9,49,3.8,1,17.9,42.3,40.0,129,0,0.0,62.0,85.0,1,34.8,46.3,2.5,3.0,2.5,28.4,34.0,34.0,43.0,22.3
Girga,Egypt,EG,26.3304,31.88,128250,3,30,0,6,0,39,30.4,303,23.6,15,263.0,1311.7,15.0,2039,0,0.0,85.0,70.0,1,141.4,57.2,3.0,3.5,3.2,41.5,55.0,55.0,70.0,52.6
Surt,Libya,LY,31.21,16.59,128123,0,7,0,19,0,26,20.3,122,9.5,6,55.7,381.4,15.0,579,0,0.0,58.0,99.0,0,470.4,19.2,2.5,2.8,2.5,24.7,58.0,58.0,53.0,42.6
Darnah,Libya,LY,32.7648,22.6391,127974,1,3,0,21,0,25,19.5,122,9.5,6,55.8,367.2,15.0,560,0,0.0,58.0,99.0,0,470.4,19.2,2.5,2.8,2.5,24.7,58.0,58.0,58.0,42.2
Divo,Ivory Coast,CI,5.839,-5.36,127867,0,0,0,0,0,0,0.0,212,16.6,4,105.7,411.6,30.0,700,0,0.0,50.0,88.0,1,87.7,32.0,2.3,2.5,2.3,26.7,36.0,36.0,14.0,39.0
Worcester,South Africa,ZA,-33.64,19.4399,127597,0,4,0,7,0,13,10.2,593,46.5,30,158.2,637.2,25.0,1047,0,0.0,80.0,72.0,1,536.6,6.7,3.3,3.5,3.3,45.8,52.0,52.0,51.0,68.3
Tukuyu,Tanzania,TZ,-9.2496,33.64,127570,1,66,0,51,0,181,141.9,23,1.8,0,3.7,86.0,40.0,165,0,0.0,62.0,88.0,1,36.3,27.9,2.5,3.0,2.5,29.5,36.0,36.0,49.0,22.1
Wau,South Sudan,SS,7.7,27.99,127384,0,0,0,0,0,0,0.0,26,2.0,0,3.8,1.2,40.0,57,0,0.0,15.0,99.0,0,72.8,27.1,1.0,1.3,1.0,11.7,18.0,18.0,7.0,7.8
Lafia,Nigeria,NG,8.4904,8.52,127236,0,12,0,53,0,65,51.1,17,1.3,0,11.0,942.5,30.0,1251,0,0.0,45.0,75.0,1,66.8,71.9,2.5,2.8,2.5,33.0,37.0,37.0,45.0,33.6
Gafsa,Tunisia,TN,34.4204,8.78,126803,0,10,0,16,0,26,20.5,298,23.5,15,160.0,163.6,15.0,429,0,0.0,82.0,72.0,1,317.7,37.9,3.3,3.5,3.3,39.8,65.0,65.0,56.0,50.5
Songea,Tanzania,TZ,-10.68,35.65,126449,1,3,0,1,0,5,4.0,23,1.8,0,3.8,2.4,40.0,58,0,0.0,62.0,88.0,1,36.3,27.9,2.5,3.0,2.5,29.5,36.0,36.0,31.0,19.6
Malanje,Angola,AO,-9.54,16.34,125856,0,0,0,0,0,0,0.0,192,15.3,4,40.9,16.3,25.0,103,0,0.0,35.0,99.0,0,76.1,32.5,1.8,2.0,1.8,22.7,32.0,32.0,13.0,20.1
Gashua,Nigeria,NG,12.8705,11.04,125817,0,1,0,0,0,1,0.8,17,1.4,0,11.1,14.7,30.0,70,0,0.0,45.0,75.0,1,66.8,71.9,2.5,2.8,2.5,33.0,37.0,37.0,17.0,19.4
Lubango,Angola,AO,-14.91,13.49,125632,14,13,0,56,2,88,70.0,2685,213.7,54,573.3,1440.4,25.0,2561,66,52.5,35.0,99.0,0,76.1,32.5,1.8,2.0,1.8,22.7,32.0,32.0,66.0,51.2
Kumbo,Cameroon,CM,6.2204,10.68,125486,3,0,0,0,0,3,2.4,572,45.6,11,15.1,11.7,20.0,59,0,0.0,48.0,90.0,1,79.1,67.7,2.0,2.5,2.0,28.0,38.0,38.0,32.0,34.8
Ghardaia,Algeria,DZ,32.49,3.67,125480,2,10,0,19,0,31,24.7,141,11.2,7,116.0,108.6,15.0,301,0,0.0,82.0,70.0,1,233.4,45.0,3.3,3.4,3.0,37.1,62.0,62.0,73.0,40.2
Potchefstroom,South Africa,ZA,-26.6996,27.1,123669,1,2,0,3,0,6,4.9,593,48.0,30,163.3,303.5,25.0,608,0,0.0,80.0,72.0,1,536.6,6.7,3.3,3.5,3.3,45.8,52.0,52.0,48.0,67.9
Guelma,Algeria,DZ,36.466,7.428,123590,6,18,0,51,0,80,64.7,424,34.3,21,353.3,284.4,15.0,807,0,0.0,82.0,70.0,1,233.4,45.0,3.3,3.4,3.0,37.1,62.0,62.0,70.0,57.7
Gagnoa,Ivory Coast,CI,6.1504,-5.88,123184,0,0,0,0,0,0,0.0,212,17.2,4,109.7,427.2,30.0,698,0,0.0,50.0,88.0,1,87.7,32.0,2.3,2.5,2.3,26.7,36.0,36.0,14.0,39.2
Ségou,Mali,ML,13.44,-6.26,122952,22,72,0,36,1,131,106.5,157,12.8,2,164.3,98.0,30.0,359,38,30.9,40.0,99.0,0,34.0,47.2,2.0,2.3,1.8,21.3,28.0,28.0,56.0,27.5
Brits,South Africa,ZA,-25.6296,27.78,122497,0,2,0,3,0,6,4.9,593,48.4,30,164.8,306.4,25.0,608,0,0.0,80.0,72.0,1,536.6,6.7,3.3,3.5,3.3,45.8,52.0,52.0,36.0,68.2
Larache,Morocco,MA,35.2004,-6.16,120082,4,0,0,54,0,58,48.3,449,37.4,22,406.5,67.3,15.0,587,0,0.0,82.0,70.0,1,232.2,37.3,3.3,3.5,3.3,40.7,53.0,53.0,61.0,59.0
Maxixe,Mozambique,MZ,-23.866,35.3886,119868,0,4,0,1,0,5,4.2,133,11.1,3,13.6,44.0,40.0,117,0,0.0,40.0,99.0,0,53.0,10.4,2.0,2.3,2.0,22.3,32.0,32.0,25.0,19.3
Bandundu,Congo (Kinshasa),CD,-3.31,17.38,118211,1,12,0,4,0,17,14.4,90,7.6,1,19.7,121.6,20.0,191,0,0.0,30.0,95.0,1,23.4,38.0,1.8,2.0,1.8,21.5,28.0,28.0,46.0,18.2
Bama,Nigeria,NG,11.5204,13.69,118121,22,28,0,0,0,50,42.3,371,31.4,7,260.2,780.9,30.0,1265,0,0.0,45.0,75.0,1,66.8,71.9,2.5,2.8,2.5,33.0,37.0,37.0,60.0,45.6
Sokodé,Togo,TG,8.9905,1.15,117811,26,11,0,10,0,48,40.7,100,8.5,2,15.1,46.6,30.0,108,0,0.0,42.0,99.0,0,59.6,64.3,2.3,2.5,2.0,23.7,36.0,36.0,59.0,18.8
Agadez,Niger,NE,16.9959,7.9828,117770,2,6,0,5,0,13,11.0,35,3.0,0,4.1,13.1,30.0,56,0,0.0,35.0,99.0,0,26.0,51.5,1.8,2.0,1.8,17.7,26.0,26.0,50.0,13.0
Jalingo,Nigeria,NG,8.9004,11.36,117757,0,0,0,0,0,0,0.0,17,1.4,0,11.9,15.7,30.0,68,0,0.0,45.0,75.0,1,66.8,71.9,2.5,2.8,2.5,33.0,37.0,37.0,15.0,19.5
Nkongsamba,Cameroon,CM,4.9604,9.94,117063,4,1,0,1,0,6,5.1,763,65.2,15,21.6,25.1,20.0,78,0,0.0,48.0,90.0,1,79.1,67.7,2.0,2.5,2.0,28.0,38.0,38.0,40.0,37.2
Kindia,Guinea,GN,10.06,-12.87,117062,5,7,0,7,0,19,16.2,108,9.2,2,35.3,9.9,30.0,88,0,0.0,35.0,99.0,0,59.3,54.4,2.0,2.3,2.0,23.1,30.0,30.0,72.0,17.6
Gao,Mali,ML,16.2666,-0.05,116967,3,3,0,5,0,11,9.4,21,1.8,0,23.6,8.7,30.0,73,0,0.0,40.0,99.0,0,34.0,47.2,2.0,2.3,1.8,21.3,28.0,28.0,49.0,13.9
Port-Gentil,Gabon,GA,-0.72,8.78,116836,1,6,0,8,0,15,12.8,226,19.3,5,51.7,75.8,20.0,172,0,0.0,45.0,99.0,0,253.0,17.3,2.0,2.3,2.0,23.8,48.0,48.0,54.0,29.5
Boké,Guinea,GN,10.94,-14.3,116270,1,2,0,6,0,10,8.6,22,1.9,0,7.1,5.3,30.0,49,0,0.0,35.0,99.0,0,59.3,54.4,2.0,2.3,2.0,23.1,30.0,30.0,43.0,13.7
Tahoua,Niger,NE,14.9,5.2599,115956,1,11,0,7,0,19,16.4,17,1.5,0,2.1,19.5,30.0,60,0,0.0,35.0,99.0,0,26.0,51.5,1.8,2.0,1.8,17.7,26.0,26.0,45.0,12.5
Inhambane,Mozambique,MZ,-23.858,35.3398,115776,0,21,0,0,0,22,19.0,133,11.5,3,14.1,200.6,40.0,295,0,0.0,40.0,99.0,0,53.0,10.4,2.0,2.3,2.0,22.3,32.0,32.0,43.0,24.2
Toliara,Madagascar,MG,-23.3568,43.69,115319,6,10,0,9,2,30,26.0,56,4.9,1,15.9,29.1,40.0,98,76,65.9,35.0,99.0,0,17.4,27.4,2.0,2.3,1.8,20.7,32.0,32.0,58.0,19.3
Goulimine,Morocco,MA,28.98,-10.07,115267,0,1,0,47,0,48,41.6,112,9.7,6,105.9,58.0,15.0,206,0,0.0,82.0,70.0,1,232.2,37.3,3.3,3.5,3.3,40.7,53.0,53.0,51.0,38.6
Nabeul,Tunisia,TN,36.4603,10.73,115149,1,20,0,79,1,108,93.8,298,25.9,15,176.2,748.3,15.0,1082,58,50.4,82.0,72.0,1,317.7,37.9,3.3,3.5,3.3,39.8,65.0,65.0,61.0,60.5
Giyon,Ethiopia,ET,8.5304,37.97,114534,1,6,0,0,0,7,6.1,24,2.1,0,10.0,66.4,40.0,133,0,0.0,62.0,85.0,1,34.8,46.3,2.5,3.0,2.5,28.4,34.0,34.0,37.0,22.1
Shashemene,Ethiopia,ET,7.2004,38.59,114350,3,4,0,4,0,11,9.6,73,6.4,1,30.1,104.5,40.0,200,0,0.0,62.0,85.0,1,34.8,46.3,2.5,3.0,2.5,28.4,34.0,34.0,52.0,25.6
Kuito,Angola,AO,-12.38,16.94,114286,0,0,0,2,0,2,1.7,192,16.8,4,45.0,36.0,25.0,121,0,0.0,35.0,99.0,0,76.1,32.5,1.8,2.0,1.8,22.7,32.0,32.0,18.0,21.4
Kankan,Guinea,GN,10.39,-9.31,114009,5,1,0,11,1,18,15.8,108,9.5,2,36.2,9.7,30.0,87,38,33.3,35.0,99.0,0,59.3,54.4,2.0,2.3,2.0,23.1,30.0,30.0,65.0,20.2
Laghouat,Algeria,DZ,33.81,2.88,113872,5,38,0,39,2,90,79.0,353,31.0,18,319.5,347.3,15.0,776,113,99.2,82.0,70.0,1,233.4,45.0,3.3,3.4,3.0,37.1,62.0,62.0,70.0,63.8
Praia,Cape Verde,CV,14.9167,-23.5167,113364,0,0,0,0,0,7,6.2,251,22.1,13,73.0,179.8,30.0,321,0,0.0,55.0,99.0,0,290.1,25.7,2.5,2.8,2.5,27.9,58.0,58.0,42.0,38.1
Kipushi,Congo (Kinshasa),CD,-11.7596,27.25,113347,0,0,0,0,0,0,0.0,90,7.9,1,20.6,7.5,20.0,54,0,0.0,30.0,95.0,1,23.4,38.0,1.8,2.0,1.8,21.5,28.0,28.0,11.0,14.9
Juba,South Sudan,SS,4.83,31.58,111975,15,225,0,16,0,256,228.6,390,34.8,4,64.9,363.2,40.0,524,0,0.0,15.0,99.0,0,72.8,27.1,1.0,1.3,1.0,11.7,18.0,18.0,60.0,33.6
Iringa,Tanzania,TZ,-7.7696,35.69,111820,1,10,0,10,1,22,19.7,23,2.1,0,4.2,11.9,40.0,63,50,44.7,62.0,88.0,1,36.3,27.9,2.5,3.0,2.5,29.5,36.0,36.0,49.0,23.4
Jawhar,Somalia,SO,2.767,45.5166,111308,0,2,0,0,0,2,1.8,153,13.7,2,10.3,66.7,40.0,130,0,0.0,18.0,99.0,0,22.4,30.8,1.0,1.3,1.0,10.7,19.0,19.0,13.0,14.1
Nsukka,Nigeria,NG,6.867,7.3834,111017,1,0,0,4,0,5,4.5,17,1.5,0,12.6,83.1,30.0,140,0,0.0,45.0,75.0,1,66.8,71.9,2.5,2.8,2.5,33.0,37.0,37.0,33.0,21.6
Nguru,Nigeria,NG,12.8804,10.45,111014,4,0,0,1,0,5,4.5,67,6.0,1,50.3,83.1,30.0,181,0,0.0,45.0,75.0,1,66.8,71.9,2.5,2.8,2.5,33.0,37.0,37.0,38.0,24.5
Pemba,Mozambique,MZ,-12.983,40.5323,110643,0,13,0,2,0,15,13.6,133,12.0,3,14.7,143.1,40.0,219,0,0.0,40.0,99.0,0,53.0,10.4,2.0,2.3,2.0,22.3,32.0,32.0,43.0,22.7
Manzini,eSwatini,SZ,-26.495,31.388,110537,0,0,0,0,0,0,0.0,223,20.2,4,55.7,426.0,30.0,566,0,0.0,55.0,99.0,0,296.0,11.0,2.5,2.8,2.5,26.5,36.0,36.0,14.0,44.3
Mzuzu,Malawi,MW,-11.46,34.02,110201,1,2,0,1,0,4,3.6,47,4.3,1,2.8,34.8,40.0,85,0,0.0,48.0,99.0,0,41.3,12.0,2.3,2.5,2.3,24.2,35.0,35.0,30.0,17.9
Bouïra,Algeria,DZ,36.3805,3.9,110144,10,53,0,73,3,145,131.6,706,64.1,35,660.7,578.4,15.0,1381,170,154.3,82.0,70.0,1,233.4,45.0,3.3,3.4,3.0,37.1,62.0,62.0,78.0,75.5
Lichinga,Mozambique,MZ,-13.3,35.24,109839,0,17,0,0,0,17,15.5,133,12.1,3,14.8,163.4,40.0,240,0,0.0,40.0,99.0,0,53.0,10.4,2.0,2.3,2.0,22.3,32.0,32.0,43.0,23.3
Kandi,Benin,BJ,11.1304,2.94,109701,1,0,0,2,0,3,2.7,12,1.1,0,5.5,5.0,30.0,45,0,0.0,45.0,99.0,0,46.5,42.4,2.0,2.3,2.0,24.3,38.0,38.0,28.0,14.5
Soubré,Ivory Coast,CI,5.7904,-6.61,108933,0,0,0,0,0,0,0.0,212,19.5,4,124.1,483.1,30.0,694,0,0.0,50.0,88.0,1,87.7,32.0,2.3,2.5,2.3,26.7,36.0,36.0,14.0,40.1
Mopti,Mali,ML,14.49,-4.18,108456,2,5,0,2,0,9,8.3,14,1.3,0,16.9,7.6,30.0,59,0,0.0,40.0,99.0,0,34.0,47.2,2.0,2.3,1.8,21.3,28.0,28.0,46.0,13.4
Mascara,Algeria,DZ,35.4004,0.14,108230,4,31,0,26,0,63,58.2,283,26.1,14,269.0,255.8,15.0,584,0,0.0,82.0,70.0,1,233.4,45.0,3.3,3.4,3.0,37.1,62.0,62.0,65.0,54.4
Birnin Kebbi,Nigeria,NG,12.4504,4.1999,108164,5,45,0,0,0,50,46.2,84,7.8,2,64.6,852.8,30.0,1025,0,0.0,45.0,75.0,1,66.8,71.9,2.5,2.8,2.5,33.0,37.0,37.0,60.0,36.2
En Nuhud,Sudan,SD,12.6904,28.42,108008,0,1,0,0,0,1,0.9,80,7.4,2,27.9,10.7,15.0,58,0,0.0,38.0,88.0,1,21.1,57.4,2.0,2.3,1.8,22.0,35.0,35.0,17.0,16.8
Shinyanga,Tanzania,TZ,-3.6596,33.42,107362,11,10,0,23,0,44,41.0,250,23.3,5,48.7,24.8,40.0,122,0,0.0,62.0,88.0,1,36.3,27.9,2.5,3.0,2.5,29.5,36.0,36.0,59.0,30.2
Ilebo,Congo (Kinshasa),CD,-4.3196,20.61,107093,0,0,0,0,0,0,0.0,90,8.4,1,21.8,7.9,20.0,53,0,0.0,30.0,95.0,1,23.4,38.0,1.8,2.0,1.8,21.5,28.0,28.0,11.0,15.1
Azare,Nigeria,NG,11.6804,10.19,105687,2,0,0,0,0,2,1.9,34,3.2,1,26.4,34.9,30.0,97,0,0.0,45.0,75.0,1,66.8,71.9,2.5,2.8,2.5,33.0,37.0,37.0,38.0,21.2
Assab,Eritrea,ER,13.01,42.73,105496,0,0,0,0,0,0,0.0,261,24.7,3,21.5,131.0,40.0,203,0,0.0,28.0,99.0,0,28.3,48.4,1.8,2.0,1.8,16.9,28.0,28.0,11.0,24.7
Queenstown,South Africa,ZA,-31.8996,26.88,105309,0,1,0,1,0,2,1.9,593,56.3,30,191.7,118.8,25.0,353,0,0.0,80.0,72.0,1,536.6,6.7,3.3,3.5,3.3,45.8,52.0,52.0,26.0,64.0
Kongolo,Congo (Kinshasa),CD,-5.3795,26.98,105202,1,0,0,0,0,1,1.0,90,8.6,1,22.2,8.0,20.0,53,0,0.0,30.0,95.0,1,23.4,38.0,1.8,2.0,1.8,21.5,28.0,28.0,19.0,15.2
Koutiala,Mali,ML,12.3904,-5.47,104927,6,15,0,18,0,39,37.2,43,4.1,0,52.5,34.2,30.0,122,0,0.0,40.0,99.0,0,34.0,47.2,2.0,2.3,1.8,21.3,28.0,28.0,56.0,16.4
Mmabatho,South Africa,ZA,-25.83,25.61,104428,0,3,0,1,0,4,3.8,593,56.8,30,193.3,239.6,25.0,478,0,0.0,80.0,72.0,1,536.6,6.7,3.3,3.5,3.3,45.8,52.0,52.0,32.0,67.7
Adigrat,Ethiopia,ET,14.2804,39.47,104021,0,4,0,7,0,11,10.6,24,2.3,0,11.0,114.9,40.0,173,0,0.0,62.0,85.0,1,34.8,46.3,2.5,3.0,2.5,28.4,34.0,34.0,44.0,23.7
Abengourou,Ivory Coast,CI,6.7304,-3.49,104020,0,0,0,0,0,0,0.0,212,20.4,4,129.9,506.0,30.0,693,0,0.0,50.0,88.0,1,87.7,32.0,2.3,2.5,2.3,26.7,36.0,36.0,14.0,40.5
Kroonstad,South Africa,ZA,-27.66,27.21,103992,0,1,0,0,0,1,1.0,593,57.0,30,194.2,60.1,25.0,290,0,0.0,80.0,72.0,1,536.6,6.7,3.3,3.5,3.3,45.8,52.0,52.0,24.0,62.3
Ad-Damir,Sudan,SD,17.59,33.96,103941,0,0,0,0,0,0,0.0,80,7.7,2,29.0,11.1,15.0,57,0,0.0,38.0,88.0,1,21.1,57.4,2.0,2.3,1.8,22.0,35.0,35.0,14.0,17.0
Loubomo,Congo (Brazzaville),CG,-4.1796,12.67,103894,0,0,0,0,0,0,0.0,1130,108.8,23,338.4,907.2,20.0,1315,0,0.0,38.0,99.0,0,75.6,28.0,1.8,2.0,1.8,21.5,36.0,36.0,14.0,47.7
Matruh,Egypt,EG,31.3504,27.23,103470,2,0,0,0,0,2,1.9,202,19.5,10,217.3,83.4,15.0,327,0,0.0,85.0,70.0,1,141.4,57.2,3.0,3.5,3.2,41.5,55.0,55.0,38.0,45.0
Bethal,South Africa,ZA,-26.4696,29.45,101919,0,0,0,3,0,3,2.9,593,58.2,30,198.1,184.1,25.0,415,0,0.0,80.0,72.0,1,536.6,6.7,3.3,3.5,3.3,45.8,52.0,52.0,30.0,66.2
Oum el Bouaghi,Algeria,DZ,35.85,7.15,100821,9,59,0,47,3,130,128.9,636,63.1,32,649.6,566.6,15.0,1241,170,168.6,82.0,70.0,1,233.4,45.0,3.3,3.4,3.0,37.1,62.0,62.0,70.0,76.6
Bukoba,Tanzania,TZ,-1.3196,31.8,100504,8,26,0,31,0,66,65.7,182,18.1,4,37.8,39.8,40.0,118,0,0.0,62.0,88.0,1,36.3,27.9,2.5,3.0,2.5,29.5,36.0,36.0,67.0,28.3
Kpalimé,Togo,TG,6.9004,0.63,100479,38,11,0,17,0,66,65.7,145,14.4,3,25.9,75.1,30.0,132,0,0.0,42.0,99.0,0,59.6,64.3,2.3,2.5,2.0,23.7,36.0,36.0,59.0,22.4
Sabha,Libya,LY,27.0333,14.4333,100249,2,17,0,15,0,37,36.9,245,24.4,12,142.4,693.7,15.0,853,0,0.0,58.0,99.0,0,470.4,19.2,2.5,2.8,2.5,24.7,58.0,58.0,63.0,50.5
Isna,Egypt,EG,25.2904,32.5499,100000,3,17,0,0,0,20,20.0,303,30.3,15,337.3,862.7,15.0,1215,0,0.0,85.0,70.0,1,141.4,57.2,3.0,3.5,3.2,41.5,55.0,55.0,62.0,55.3
Arlit,Niger,NE,18.82,7.33,100000,0,1,0,0,0,1,1.0,17,1.7,0,2.4,1.2,30.0,34,0,0.0,35.0,99.0,0,26.0,51.5,1.8,2.0,1.8,17.7,26.0,26.0,13.0,12.1
